ISO-10303-21;
HEADER;
/* Generated by software containing ST-Developer
 * from STEP Tools, Inc. (www.steptools.com) 
 */

FILE_DESCRIPTION(
/* description */ (''),
/* implementation_level */ '2;1');

FILE_NAME(
/* name */ '',
/* time_stamp */ '2026-04-02T17:16:20+08:00',
/* author */ (''),
/* organization */ (''),
/* preprocessor_version */ 'ST-DEVELOPER v20.1',
/* originating_system */ 'Autodesk Translation Framework v14.24.0.0',
/* authorisation */ '');

FILE_SCHEMA (('AUTOMOTIVE_DESIGN { 1 0 10303 214 3 1 1 }'));
ENDSEC;

DATA;
#10=MECHANICAL_DESIGN_GEOMETRIC_PRESENTATION_REPRESENTATION('',(#15,#16,
#17,#18,#19,#20),#5650);
#11=SHAPE_REPRESENTATION_RELATIONSHIP('SRR','None',#5657,#12);
#12=ADVANCED_BREP_SHAPE_REPRESENTATION('',(#21,#22,#23,#24,#25,#26),#5649);
#13=FACE_BOUND('',#272,.T.);
#14=FACE_BOUND('',#290,.T.);
#15=STYLED_ITEM('',(#5667),#21);
#16=STYLED_ITEM('',(#5668),#22);
#17=STYLED_ITEM('',(#5669),#23);
#18=STYLED_ITEM('',(#5670),#24);
#19=STYLED_ITEM('',(#5671),#25);
#20=STYLED_ITEM('',(#5666),#26);
#21=MANIFOLD_SOLID_BREP('\X2\73BB748376D6677F\X0\',#3529);
#22=MANIFOLD_SOLID_BREP('OCA\X2\4E3A4E866E3267D36548679C6BD45B9E9645539A\X0\',
#3530);
#23=MANIFOLD_SOLID_BREP('LCD',#3531);
#24=MANIFOLD_SOLID_BREP('\X2\546856F4906E5149\X0\',#3532);
#25=MANIFOLD_SOLID_BREP('\X2\63927EBF5F2F6298\X0\',#3533);
#26=MANIFOLD_SOLID_BREP('\X2\91D1624B6307\X0\',#3534);
#27=CIRCLE('',#3550,1.8);
#28=CIRCLE('',#3551,1.8);
#29=CIRCLE('',#3554,1.8);
#30=CIRCLE('',#3555,1.8);
#31=CIRCLE('',#3558,1.79999999999999);
#32=CIRCLE('',#3559,1.79999999999999);
#33=CIRCLE('',#3562,1.79999999999999);
#34=CIRCLE('',#3563,1.79999999999999);
#35=CIRCLE('',#3579,1.8);
#36=CIRCLE('',#3580,1.79999999999999);
#37=CIRCLE('',#3581,1.79999999999998);
#38=CIRCLE('',#3582,1.8);
#39=CIRCLE('',#3583,1.8);
#40=CIRCLE('',#3584,1.79999999999998);
#41=CIRCLE('',#3585,1.8);
#42=CIRCLE('',#3586,1.8);
#43=CIRCLE('',#3589,1.8);
#44=CIRCLE('',#3592,1.8);
#45=CIRCLE('',#3595,1.79999999999998);
#46=CIRCLE('',#3598,1.8);
#47=CIRCLE('',#3601,1.8);
#48=CIRCLE('',#3604,1.79999999999998);
#49=CIRCLE('',#3607,1.79999999999999);
#50=CIRCLE('',#3610,1.8);
#51=CIRCLE('',#3614,0.200000000000005);
#52=CIRCLE('',#3615,0.199999999999999);
#53=CIRCLE('',#3617,0.4);
#54=CIRCLE('',#3623,0.4);
#55=CYLINDRICAL_SURFACE('',#3549,1.8);
#56=CYLINDRICAL_SURFACE('',#3553,1.8);
#57=CYLINDRICAL_SURFACE('',#3557,1.79999999999999);
#58=CYLINDRICAL_SURFACE('',#3561,1.79999999999999);
#59=CYLINDRICAL_SURFACE('',#3588,1.8);
#60=CYLINDRICAL_SURFACE('',#3591,1.8);
#61=CYLINDRICAL_SURFACE('',#3594,1.79999999999998);
#62=CYLINDRICAL_SURFACE('',#3597,1.8);
#63=CYLINDRICAL_SURFACE('',#3600,1.8);
#64=CYLINDRICAL_SURFACE('',#3603,1.79999999999998);
#65=CYLINDRICAL_SURFACE('',#3606,1.79999999999999);
#66=CYLINDRICAL_SURFACE('',#3609,1.8);
#67=CYLINDRICAL_SURFACE('',#3613,0.199999999999999);
#68=CYLINDRICAL_SURFACE('',#3632,0.399999999999999);
#69=FACE_OUTER_BOUND('',#249,.T.);
#70=FACE_OUTER_BOUND('',#250,.T.);
#71=FACE_OUTER_BOUND('',#251,.T.);
#72=FACE_OUTER_BOUND('',#252,.T.);
#73=FACE_OUTER_BOUND('',#253,.T.);
#74=FACE_OUTER_BOUND('',#254,.T.);
#75=FACE_OUTER_BOUND('',#255,.T.);
#76=FACE_OUTER_BOUND('',#256,.T.);
#77=FACE_OUTER_BOUND('',#257,.T.);
#78=FACE_OUTER_BOUND('',#258,.T.);
#79=FACE_OUTER_BOUND('',#259,.T.);
#80=FACE_OUTER_BOUND('',#260,.T.);
#81=FACE_OUTER_BOUND('',#261,.T.);
#82=FACE_OUTER_BOUND('',#262,.T.);
#83=FACE_OUTER_BOUND('',#263,.T.);
#84=FACE_OUTER_BOUND('',#264,.T.);
#85=FACE_OUTER_BOUND('',#265,.T.);
#86=FACE_OUTER_BOUND('',#266,.T.);
#87=FACE_OUTER_BOUND('',#267,.T.);
#88=FACE_OUTER_BOUND('',#268,.T.);
#89=FACE_OUTER_BOUND('',#269,.T.);
#90=FACE_OUTER_BOUND('',#270,.T.);
#91=FACE_OUTER_BOUND('',#271,.T.);
#92=FACE_OUTER_BOUND('',#273,.T.);
#93=FACE_OUTER_BOUND('',#274,.T.);
#94=FACE_OUTER_BOUND('',#275,.T.);
#95=FACE_OUTER_BOUND('',#276,.T.);
#96=FACE_OUTER_BOUND('',#277,.T.);
#97=FACE_OUTER_BOUND('',#278,.T.);
#98=FACE_OUTER_BOUND('',#279,.T.);
#99=FACE_OUTER_BOUND('',#280,.T.);
#100=FACE_OUTER_BOUND('',#281,.T.);
#101=FACE_OUTER_BOUND('',#282,.T.);
#102=FACE_OUTER_BOUND('',#283,.T.);
#103=FACE_OUTER_BOUND('',#284,.T.);
#104=FACE_OUTER_BOUND('',#285,.T.);
#105=FACE_OUTER_BOUND('',#286,.T.);
#106=FACE_OUTER_BOUND('',#287,.T.);
#107=FACE_OUTER_BOUND('',#288,.T.);
#108=FACE_OUTER_BOUND('',#289,.T.);
#109=FACE_OUTER_BOUND('',#291,.T.);
#110=FACE_OUTER_BOUND('',#292,.T.);
#111=FACE_OUTER_BOUND('',#293,.T.);
#112=FACE_OUTER_BOUND('',#294,.T.);
#113=FACE_OUTER_BOUND('',#295,.T.);
#114=FACE_OUTER_BOUND('',#296,.T.);
#115=FACE_OUTER_BOUND('',#297,.T.);
#116=FACE_OUTER_BOUND('',#298,.T.);
#117=FACE_OUTER_BOUND('',#299,.T.);
#118=FACE_OUTER_BOUND('',#300,.T.);
#119=FACE_OUTER_BOUND('',#301,.T.);
#120=FACE_OUTER_BOUND('',#302,.T.);
#121=FACE_OUTER_BOUND('',#303,.T.);
#122=FACE_OUTER_BOUND('',#304,.T.);
#123=FACE_OUTER_BOUND('',#305,.T.);
#124=FACE_OUTER_BOUND('',#306,.T.);
#125=FACE_OUTER_BOUND('',#307,.T.);
#126=FACE_OUTER_BOUND('',#308,.T.);
#127=FACE_OUTER_BOUND('',#309,.T.);
#128=FACE_OUTER_BOUND('',#310,.T.);
#129=FACE_OUTER_BOUND('',#311,.T.);
#130=FACE_OUTER_BOUND('',#312,.T.);
#131=FACE_OUTER_BOUND('',#313,.T.);
#132=FACE_OUTER_BOUND('',#314,.T.);
#133=FACE_OUTER_BOUND('',#315,.T.);
#134=FACE_OUTER_BOUND('',#316,.T.);
#135=FACE_OUTER_BOUND('',#317,.T.);
#136=FACE_OUTER_BOUND('',#318,.T.);
#137=FACE_OUTER_BOUND('',#319,.T.);
#138=FACE_OUTER_BOUND('',#320,.T.);
#139=FACE_OUTER_BOUND('',#321,.T.);
#140=FACE_OUTER_BOUND('',#322,.T.);
#141=FACE_OUTER_BOUND('',#323,.T.);
#142=FACE_OUTER_BOUND('',#324,.T.);
#143=FACE_OUTER_BOUND('',#325,.T.);
#144=FACE_OUTER_BOUND('',#326,.T.);
#145=FACE_OUTER_BOUND('',#327,.T.);
#146=FACE_OUTER_BOUND('',#328,.T.);
#147=FACE_OUTER_BOUND('',#329,.T.);
#148=FACE_OUTER_BOUND('',#330,.T.);
#149=FACE_OUTER_BOUND('',#331,.T.);
#150=FACE_OUTER_BOUND('',#332,.T.);
#151=FACE_OUTER_BOUND('',#333,.T.);
#152=FACE_OUTER_BOUND('',#334,.T.);
#153=FACE_OUTER_BOUND('',#335,.T.);
#154=FACE_OUTER_BOUND('',#336,.T.);
#155=FACE_OUTER_BOUND('',#337,.T.);
#156=FACE_OUTER_BOUND('',#338,.T.);
#157=FACE_OUTER_BOUND('',#339,.T.);
#158=FACE_OUTER_BOUND('',#340,.T.);
#159=FACE_OUTER_BOUND('',#341,.T.);
#160=FACE_OUTER_BOUND('',#342,.T.);
#161=FACE_OUTER_BOUND('',#343,.T.);
#162=FACE_OUTER_BOUND('',#344,.T.);
#163=FACE_OUTER_BOUND('',#345,.T.);
#164=FACE_OUTER_BOUND('',#346,.T.);
#165=FACE_OUTER_BOUND('',#347,.T.);
#166=FACE_OUTER_BOUND('',#348,.T.);
#167=FACE_OUTER_BOUND('',#349,.T.);
#168=FACE_OUTER_BOUND('',#350,.T.);
#169=FACE_OUTER_BOUND('',#351,.T.);
#170=FACE_OUTER_BOUND('',#352,.T.);
#171=FACE_OUTER_BOUND('',#353,.T.);
#172=FACE_OUTER_BOUND('',#354,.T.);
#173=FACE_OUTER_BOUND('',#355,.T.);
#174=FACE_OUTER_BOUND('',#356,.T.);
#175=FACE_OUTER_BOUND('',#357,.T.);
#176=FACE_OUTER_BOUND('',#358,.T.);
#177=FACE_OUTER_BOUND('',#359,.T.);
#178=FACE_OUTER_BOUND('',#360,.T.);
#179=FACE_OUTER_BOUND('',#361,.T.);
#180=FACE_OUTER_BOUND('',#362,.T.);
#181=FACE_OUTER_BOUND('',#363,.T.);
#182=FACE_OUTER_BOUND('',#364,.T.);
#183=FACE_OUTER_BOUND('',#365,.T.);
#184=FACE_OUTER_BOUND('',#366,.T.);
#185=FACE_OUTER_BOUND('',#367,.T.);
#186=FACE_OUTER_BOUND('',#368,.T.);
#187=FACE_OUTER_BOUND('',#369,.T.);
#188=FACE_OUTER_BOUND('',#370,.T.);
#189=FACE_OUTER_BOUND('',#371,.T.);
#190=FACE_OUTER_BOUND('',#372,.T.);
#191=FACE_OUTER_BOUND('',#373,.T.);
#192=FACE_OUTER_BOUND('',#374,.T.);
#193=FACE_OUTER_BOUND('',#375,.T.);
#194=FACE_OUTER_BOUND('',#376,.T.);
#195=FACE_OUTER_BOUND('',#377,.T.);
#196=FACE_OUTER_BOUND('',#378,.T.);
#197=FACE_OUTER_BOUND('',#379,.T.);
#198=FACE_OUTER_BOUND('',#380,.T.);
#199=FACE_OUTER_BOUND('',#381,.T.);
#200=FACE_OUTER_BOUND('',#382,.T.);
#201=FACE_OUTER_BOUND('',#383,.T.);
#202=FACE_OUTER_BOUND('',#384,.T.);
#203=FACE_OUTER_BOUND('',#385,.T.);
#204=FACE_OUTER_BOUND('',#386,.T.);
#205=FACE_OUTER_BOUND('',#387,.T.);
#206=FACE_OUTER_BOUND('',#388,.T.);
#207=FACE_OUTER_BOUND('',#389,.T.);
#208=FACE_OUTER_BOUND('',#390,.T.);
#209=FACE_OUTER_BOUND('',#391,.T.);
#210=FACE_OUTER_BOUND('',#392,.T.);
#211=FACE_OUTER_BOUND('',#393,.T.);
#212=FACE_OUTER_BOUND('',#394,.T.);
#213=FACE_OUTER_BOUND('',#395,.T.);
#214=FACE_OUTER_BOUND('',#396,.T.);
#215=FACE_OUTER_BOUND('',#397,.T.);
#216=FACE_OUTER_BOUND('',#398,.T.);
#217=FACE_OUTER_BOUND('',#399,.T.);
#218=FACE_OUTER_BOUND('',#400,.T.);
#219=FACE_OUTER_BOUND('',#401,.T.);
#220=FACE_OUTER_BOUND('',#402,.T.);
#221=FACE_OUTER_BOUND('',#403,.T.);
#222=FACE_OUTER_BOUND('',#404,.T.);
#223=FACE_OUTER_BOUND('',#405,.T.);
#224=FACE_OUTER_BOUND('',#406,.T.);
#225=FACE_OUTER_BOUND('',#407,.T.);
#226=FACE_OUTER_BOUND('',#408,.T.);
#227=FACE_OUTER_BOUND('',#409,.T.);
#228=FACE_OUTER_BOUND('',#410,.T.);
#229=FACE_OUTER_BOUND('',#411,.T.);
#230=FACE_OUTER_BOUND('',#412,.T.);
#231=FACE_OUTER_BOUND('',#413,.T.);
#232=FACE_OUTER_BOUND('',#414,.T.);
#233=FACE_OUTER_BOUND('',#415,.T.);
#234=FACE_OUTER_BOUND('',#416,.T.);
#235=FACE_OUTER_BOUND('',#417,.T.);
#236=FACE_OUTER_BOUND('',#418,.T.);
#237=FACE_OUTER_BOUND('',#419,.T.);
#238=FACE_OUTER_BOUND('',#420,.T.);
#239=FACE_OUTER_BOUND('',#421,.T.);
#240=FACE_OUTER_BOUND('',#422,.T.);
#241=FACE_OUTER_BOUND('',#423,.T.);
#242=FACE_OUTER_BOUND('',#424,.T.);
#243=FACE_OUTER_BOUND('',#425,.T.);
#244=FACE_OUTER_BOUND('',#426,.T.);
#245=FACE_OUTER_BOUND('',#427,.T.);
#246=FACE_OUTER_BOUND('',#428,.T.);
#247=FACE_OUTER_BOUND('',#429,.T.);
#248=FACE_OUTER_BOUND('',#430,.T.);
#249=EDGE_LOOP('',(#2191,#2192,#2193,#2194));
#250=EDGE_LOOP('',(#2195,#2196,#2197,#2198));
#251=EDGE_LOOP('',(#2199,#2200,#2201,#2202));
#252=EDGE_LOOP('',(#2203,#2204,#2205,#2206));
#253=EDGE_LOOP('',(#2207,#2208,#2209,#2210));
#254=EDGE_LOOP('',(#2211,#2212,#2213,#2214));
#255=EDGE_LOOP('',(#2215,#2216,#2217,#2218));
#256=EDGE_LOOP('',(#2219,#2220,#2221,#2222));
#257=EDGE_LOOP('',(#2223,#2224,#2225,#2226,#2227,#2228,#2229,#2230));
#258=EDGE_LOOP('',(#2231,#2232,#2233,#2234,#2235,#2236,#2237,#2238));
#259=EDGE_LOOP('',(#2239,#2240,#2241,#2242));
#260=EDGE_LOOP('',(#2243,#2244,#2245,#2246));
#261=EDGE_LOOP('',(#2247,#2248,#2249,#2250));
#262=EDGE_LOOP('',(#2251,#2252,#2253,#2254));
#263=EDGE_LOOP('',(#2255,#2256,#2257,#2258));
#264=EDGE_LOOP('',(#2259,#2260,#2261,#2262));
#265=EDGE_LOOP('',(#2263,#2264,#2265,#2266));
#266=EDGE_LOOP('',(#2267,#2268,#2269,#2270));
#267=EDGE_LOOP('',(#2271,#2272,#2273,#2274));
#268=EDGE_LOOP('',(#2275,#2276,#2277,#2278));
#269=EDGE_LOOP('',(#2279,#2280,#2281,#2282));
#270=EDGE_LOOP('',(#2283,#2284,#2285,#2286));
#271=EDGE_LOOP('',(#2287,#2288,#2289,#2290,#2291,#2292,#2293,#2294));
#272=EDGE_LOOP('',(#2295,#2296,#2297,#2298,#2299,#2300,#2301,#2302));
#273=EDGE_LOOP('',(#2303,#2304,#2305,#2306));
#274=EDGE_LOOP('',(#2307,#2308,#2309,#2310));
#275=EDGE_LOOP('',(#2311,#2312,#2313,#2314));
#276=EDGE_LOOP('',(#2315,#2316,#2317,#2318));
#277=EDGE_LOOP('',(#2319,#2320,#2321,#2322));
#278=EDGE_LOOP('',(#2323,#2324,#2325,#2326));
#279=EDGE_LOOP('',(#2327,#2328,#2329,#2330));
#280=EDGE_LOOP('',(#2331,#2332,#2333,#2334));
#281=EDGE_LOOP('',(#2335,#2336,#2337,#2338));
#282=EDGE_LOOP('',(#2339,#2340,#2341,#2342));
#283=EDGE_LOOP('',(#2343,#2344,#2345,#2346));
#284=EDGE_LOOP('',(#2347,#2348,#2349,#2350));
#285=EDGE_LOOP('',(#2351,#2352,#2353,#2354));
#286=EDGE_LOOP('',(#2355,#2356,#2357,#2358));
#287=EDGE_LOOP('',(#2359,#2360,#2361,#2362));
#288=EDGE_LOOP('',(#2363,#2364,#2365,#2366));
#289=EDGE_LOOP('',(#2367,#2368,#2369,#2370,#2371,#2372,#2373,#2374));
#290=EDGE_LOOP('',(#2375,#2376,#2377,#2378,#2379,#2380,#2381,#2382));
#291=EDGE_LOOP('',(#2383,#2384,#2385,#2386));
#292=EDGE_LOOP('',(#2387,#2388,#2389,#2390));
#293=EDGE_LOOP('',(#2391,#2392,#2393,#2394));
#294=EDGE_LOOP('',(#2395,#2396,#2397,#2398));
#295=EDGE_LOOP('',(#2399,#2400,#2401,#2402));
#296=EDGE_LOOP('',(#2403,#2404,#2405,#2406));
#297=EDGE_LOOP('',(#2407,#2408,#2409,#2410,#2411,#2412,#2413,#2414));
#298=EDGE_LOOP('',(#2415,#2416,#2417,#2418));
#299=EDGE_LOOP('',(#2419,#2420,#2421,#2422));
#300=EDGE_LOOP('',(#2423,#2424,#2425,#2426));
#301=EDGE_LOOP('',(#2427,#2428,#2429,#2430));
#302=EDGE_LOOP('',(#2431,#2432,#2433,#2434));
#303=EDGE_LOOP('',(#2435,#2436,#2437,#2438));
#304=EDGE_LOOP('',(#2439,#2440,#2441,#2442));
#305=EDGE_LOOP('',(#2443,#2444,#2445,#2446));
#306=EDGE_LOOP('',(#2447,#2448,#2449,#2450));
#307=EDGE_LOOP('',(#2451,#2452,#2453,#2454));
#308=EDGE_LOOP('',(#2455,#2456,#2457,#2458,#2459,#2460,#2461,#2462));
#309=EDGE_LOOP('',(#2463,#2464,#2465,#2466));
#310=EDGE_LOOP('',(#2467,#2468,#2469,#2470));
#311=EDGE_LOOP('',(#2471,#2472,#2473,#2474));
#312=EDGE_LOOP('',(#2475,#2476,#2477,#2478));
#313=EDGE_LOOP('',(#2479,#2480,#2481,#2482));
#314=EDGE_LOOP('',(#2483,#2484,#2485,#2486));
#315=EDGE_LOOP('',(#2487,#2488,#2489,#2490));
#316=EDGE_LOOP('',(#2491,#2492,#2493,#2494));
#317=EDGE_LOOP('',(#2495,#2496,#2497,#2498));
#318=EDGE_LOOP('',(#2499,#2500,#2501,#2502));
#319=EDGE_LOOP('',(#2503,#2504,#2505,#2506));
#320=EDGE_LOOP('',(#2507,#2508,#2509,#2510));
#321=EDGE_LOOP('',(#2511,#2512,#2513,#2514));
#322=EDGE_LOOP('',(#2515,#2516,#2517,#2518));
#323=EDGE_LOOP('',(#2519,#2520,#2521,#2522));
#324=EDGE_LOOP('',(#2523,#2524,#2525,#2526));
#325=EDGE_LOOP('',(#2527,#2528,#2529,#2530));
#326=EDGE_LOOP('',(#2531,#2532,#2533,#2534));
#327=EDGE_LOOP('',(#2535,#2536,#2537,#2538));
#328=EDGE_LOOP('',(#2539,#2540,#2541,#2542));
#329=EDGE_LOOP('',(#2543,#2544,#2545,#2546));
#330=EDGE_LOOP('',(#2547,#2548,#2549,#2550));
#331=EDGE_LOOP('',(#2551,#2552,#2553,#2554));
#332=EDGE_LOOP('',(#2555,#2556,#2557,#2558));
#333=EDGE_LOOP('',(#2559,#2560,#2561,#2562));
#334=EDGE_LOOP('',(#2563,#2564,#2565,#2566));
#335=EDGE_LOOP('',(#2567,#2568,#2569,#2570));
#336=EDGE_LOOP('',(#2571,#2572,#2573,#2574));
#337=EDGE_LOOP('',(#2575,#2576,#2577,#2578));
#338=EDGE_LOOP('',(#2579,#2580,#2581,#2582));
#339=EDGE_LOOP('',(#2583,#2584,#2585,#2586));
#340=EDGE_LOOP('',(#2587,#2588,#2589,#2590));
#341=EDGE_LOOP('',(#2591,#2592,#2593,#2594));
#342=EDGE_LOOP('',(#2595,#2596,#2597,#2598));
#343=EDGE_LOOP('',(#2599,#2600,#2601,#2602));
#344=EDGE_LOOP('',(#2603,#2604,#2605,#2606));
#345=EDGE_LOOP('',(#2607,#2608,#2609,#2610));
#346=EDGE_LOOP('',(#2611,#2612,#2613,#2614));
#347=EDGE_LOOP('',(#2615,#2616,#2617,#2618));
#348=EDGE_LOOP('',(#2619,#2620,#2621,#2622));
#349=EDGE_LOOP('',(#2623,#2624,#2625,#2626));
#350=EDGE_LOOP('',(#2627,#2628,#2629,#2630));
#351=EDGE_LOOP('',(#2631,#2632,#2633,#2634));
#352=EDGE_LOOP('',(#2635,#2636,#2637,#2638));
#353=EDGE_LOOP('',(#2639,#2640,#2641,#2642));
#354=EDGE_LOOP('',(#2643,#2644,#2645,#2646));
#355=EDGE_LOOP('',(#2647,#2648,#2649,#2650));
#356=EDGE_LOOP('',(#2651,#2652,#2653,#2654));
#357=EDGE_LOOP('',(#2655,#2656,#2657,#2658));
#358=EDGE_LOOP('',(#2659,#2660,#2661,#2662));
#359=EDGE_LOOP('',(#2663,#2664,#2665,#2666));
#360=EDGE_LOOP('',(#2667,#2668,#2669,#2670));
#361=EDGE_LOOP('',(#2671,#2672,#2673,#2674));
#362=EDGE_LOOP('',(#2675,#2676,#2677,#2678));
#363=EDGE_LOOP('',(#2679,#2680,#2681,#2682));
#364=EDGE_LOOP('',(#2683,#2684,#2685,#2686));
#365=EDGE_LOOP('',(#2687,#2688,#2689,#2690));
#366=EDGE_LOOP('',(#2691,#2692,#2693,#2694));
#367=EDGE_LOOP('',(#2695,#2696,#2697,#2698));
#368=EDGE_LOOP('',(#2699,#2700,#2701,#2702));
#369=EDGE_LOOP('',(#2703,#2704,#2705,#2706));
#370=EDGE_LOOP('',(#2707,#2708,#2709,#2710));
#371=EDGE_LOOP('',(#2711,#2712,#2713,#2714));
#372=EDGE_LOOP('',(#2715,#2716,#2717,#2718));
#373=EDGE_LOOP('',(#2719,#2720,#2721,#2722));
#374=EDGE_LOOP('',(#2723,#2724,#2725,#2726));
#375=EDGE_LOOP('',(#2727,#2728,#2729,#2730));
#376=EDGE_LOOP('',(#2731,#2732,#2733,#2734));
#377=EDGE_LOOP('',(#2735,#2736,#2737,#2738));
#378=EDGE_LOOP('',(#2739,#2740,#2741,#2742));
#379=EDGE_LOOP('',(#2743,#2744,#2745,#2746));
#380=EDGE_LOOP('',(#2747,#2748,#2749,#2750));
#381=EDGE_LOOP('',(#2751,#2752,#2753,#2754));
#382=EDGE_LOOP('',(#2755,#2756,#2757,#2758));
#383=EDGE_LOOP('',(#2759,#2760,#2761,#2762));
#384=EDGE_LOOP('',(#2763,#2764,#2765,#2766));
#385=EDGE_LOOP('',(#2767,#2768,#2769,#2770));
#386=EDGE_LOOP('',(#2771,#2772,#2773,#2774));
#387=EDGE_LOOP('',(#2775,#2776,#2777,#2778));
#388=EDGE_LOOP('',(#2779,#2780,#2781,#2782));
#389=EDGE_LOOP('',(#2783,#2784,#2785,#2786));
#390=EDGE_LOOP('',(#2787,#2788,#2789,#2790));
#391=EDGE_LOOP('',(#2791,#2792,#2793,#2794));
#392=EDGE_LOOP('',(#2795,#2796,#2797,#2798));
#393=EDGE_LOOP('',(#2799,#2800,#2801,#2802));
#394=EDGE_LOOP('',(#2803,#2804,#2805,#2806));
#395=EDGE_LOOP('',(#2807,#2808,#2809,#2810));
#396=EDGE_LOOP('',(#2811,#2812,#2813,#2814));
#397=EDGE_LOOP('',(#2815,#2816,#2817,#2818));
#398=EDGE_LOOP('',(#2819,#2820,#2821,#2822));
#399=EDGE_LOOP('',(#2823,#2824,#2825,#2826));
#400=EDGE_LOOP('',(#2827,#2828,#2829,#2830));
#401=EDGE_LOOP('',(#2831,#2832,#2833,#2834));
#402=EDGE_LOOP('',(#2835,#2836,#2837,#2838));
#403=EDGE_LOOP('',(#2839,#2840,#2841,#2842));
#404=EDGE_LOOP('',(#2843,#2844,#2845,#2846));
#405=EDGE_LOOP('',(#2847,#2848,#2849,#2850));
#406=EDGE_LOOP('',(#2851,#2852,#2853,#2854));
#407=EDGE_LOOP('',(#2855,#2856,#2857,#2858));
#408=EDGE_LOOP('',(#2859,#2860,#2861,#2862));
#409=EDGE_LOOP('',(#2863,#2864,#2865,#2866));
#410=EDGE_LOOP('',(#2867,#2868,#2869,#2870));
#411=EDGE_LOOP('',(#2871,#2872,#2873,#2874));
#412=EDGE_LOOP('',(#2875,#2876,#2877,#2878));
#413=EDGE_LOOP('',(#2879,#2880,#2881,#2882));
#414=EDGE_LOOP('',(#2883,#2884,#2885,#2886));
#415=EDGE_LOOP('',(#2887,#2888,#2889,#2890));
#416=EDGE_LOOP('',(#2891,#2892,#2893,#2894));
#417=EDGE_LOOP('',(#2895,#2896,#2897,#2898));
#418=EDGE_LOOP('',(#2899,#2900,#2901,#2902));
#419=EDGE_LOOP('',(#2903,#2904,#2905,#2906));
#420=EDGE_LOOP('',(#2907,#2908,#2909,#2910));
#421=EDGE_LOOP('',(#2911,#2912,#2913,#2914));
#422=EDGE_LOOP('',(#2915,#2916,#2917,#2918));
#423=EDGE_LOOP('',(#2919,#2920,#2921,#2922));
#424=EDGE_LOOP('',(#2923,#2924,#2925,#2926));
#425=EDGE_LOOP('',(#2927,#2928,#2929,#2930));
#426=EDGE_LOOP('',(#2931,#2932,#2933,#2934,#2935,#2936,#2937,#2938,#2939,
#2940,#2941,#2942,#2943,#2944,#2945,#2946,#2947,#2948,#2949,#2950,#2951,
#2952,#2953,#2954,#2955,#2956,#2957,#2958,#2959,#2960,#2961,#2962,#2963,
#2964,#2965,#2966,#2967,#2968,#2969,#2970,#2971,#2972,#2973,#2974,#2975,
#2976,#2977,#2978,#2979,#2980,#2981,#2982,#2983,#2984,#2985,#2986,#2987,
#2988,#2989,#2990,#2991,#2992,#2993,#2994,#2995,#2996,#2997,#2998,#2999,
#3000,#3001,#3002,#3003,#3004,#3005,#3006,#3007,#3008,#3009,#3010,#3011,
#3012,#3013,#3014,#3015,#3016,#3017,#3018,#3019,#3020,#3021,#3022,#3023,
#3024,#3025,#3026,#3027,#3028,#3029,#3030,#3031,#3032,#3033,#3034,#3035,
#3036,#3037,#3038,#3039,#3040,#3041,#3042,#3043,#3044,#3045,#3046,#3047,
#3048,#3049,#3050));
#427=EDGE_LOOP('',(#3051,#3052,#3053,#3054,#3055,#3056,#3057,#3058,#3059,
#3060,#3061,#3062,#3063,#3064,#3065,#3066,#3067,#3068,#3069,#3070,#3071,
#3072,#3073,#3074,#3075,#3076,#3077,#3078,#3079,#3080,#3081,#3082,#3083,
#3084,#3085,#3086,#3087,#3088,#3089,#3090,#3091,#3092,#3093,#3094,#3095,
#3096,#3097,#3098,#3099,#3100,#3101,#3102,#3103,#3104,#3105,#3106,#3107,
#3108,#3109,#3110,#3111,#3112,#3113,#3114,#3115,#3116,#3117,#3118,#3119,
#3120,#3121,#3122,#3123,#3124,#3125,#3126,#3127,#3128,#3129,#3130,#3131,
#3132,#3133,#3134,#3135,#3136,#3137,#3138,#3139,#3140,#3141,#3142,#3143,
#3144,#3145,#3146,#3147,#3148,#3149,#3150,#3151,#3152,#3153,#3154,#3155,
#3156,#3157,#3158,#3159,#3160,#3161,#3162,#3163,#3164,#3165,#3166,#3167,
#3168,#3169,#3170));
#428=EDGE_LOOP('',(#3171,#3172,#3173,#3174));
#429=EDGE_LOOP('',(#3175,#3176,#3177,#3178));
#430=EDGE_LOOP('',(#3179,#3180,#3181,#3182));
#431=LINE('',#4646,#899);
#432=LINE('',#4648,#900);
#433=LINE('',#4650,#901);
#434=LINE('',#4651,#902);
#435=LINE('',#4657,#903);
#436=LINE('',#4660,#904);
#437=LINE('',#4662,#905);
#438=LINE('',#4663,#906);
#439=LINE('',#4669,#907);
#440=LINE('',#4672,#908);
#441=LINE('',#4674,#909);
#442=LINE('',#4675,#910);
#443=LINE('',#4681,#911);
#444=LINE('',#4684,#912);
#445=LINE('',#4686,#913);
#446=LINE('',#4687,#914);
#447=LINE('',#4696,#915);
#448=LINE('',#4698,#916);
#449=LINE('',#4700,#917);
#450=LINE('',#4701,#918);
#451=LINE('',#4704,#919);
#452=LINE('',#4706,#920);
#453=LINE('',#4707,#921);
#454=LINE('',#4710,#922);
#455=LINE('',#4711,#923);
#456=LINE('',#4714,#924);
#457=LINE('',#4715,#925);
#458=LINE('',#4717,#926);
#459=LINE('',#4722,#927);
#460=LINE('',#4724,#928);
#461=LINE('',#4726,#929);
#462=LINE('',#4727,#930);
#463=LINE('',#4730,#931);
#464=LINE('',#4732,#932);
#465=LINE('',#4733,#933);
#466=LINE('',#4736,#934);
#467=LINE('',#4738,#935);
#468=LINE('',#4739,#936);
#469=LINE('',#4741,#937);
#470=LINE('',#4742,#938);
#471=LINE('',#4750,#939);
#472=LINE('',#4754,#940);
#473=LINE('',#4758,#941);
#474=LINE('',#4761,#942);
#475=LINE('',#4766,#943);
#476=LINE('',#4770,#944);
#477=LINE('',#4774,#945);
#478=LINE('',#4777,#946);
#479=LINE('',#4781,#947);
#480=LINE('',#4782,#948);
#481=LINE('',#4783,#949);
#482=LINE('',#4787,#950);
#483=LINE('',#4790,#951);
#484=LINE('',#4791,#952);
#485=LINE('',#4795,#953);
#486=LINE('',#4798,#954);
#487=LINE('',#4799,#955);
#488=LINE('',#4803,#956);
#489=LINE('',#4806,#957);
#490=LINE('',#4807,#958);
#491=LINE('',#4813,#959);
#492=LINE('',#4814,#960);
#493=LINE('',#4815,#961);
#494=LINE('',#4819,#962);
#495=LINE('',#4822,#963);
#496=LINE('',#4823,#964);
#497=LINE('',#4827,#965);
#498=LINE('',#4830,#966);
#499=LINE('',#4831,#967);
#500=LINE('',#4835,#968);
#501=LINE('',#4838,#969);
#502=LINE('',#4839,#970);
#503=LINE('',#4846,#971);
#504=LINE('',#4848,#972);
#505=LINE('',#4850,#973);
#506=LINE('',#4851,#974);
#507=LINE('',#4854,#975);
#508=LINE('',#4858,#976);
#509=LINE('',#4862,#977);
#510=LINE('',#4865,#978);
#511=LINE('',#4867,#979);
#512=LINE('',#4869,#980);
#513=LINE('',#4870,#981);
#514=LINE('',#4873,#982);
#515=LINE('',#4874,#983);
#516=LINE('',#4877,#984);
#517=LINE('',#4879,#985);
#518=LINE('',#4880,#986);
#519=LINE('',#4883,#987);
#520=LINE('',#4885,#988);
#521=LINE('',#4887,#989);
#522=LINE('',#4889,#990);
#523=LINE('',#4891,#991);
#524=LINE('',#4893,#992);
#525=LINE('',#4894,#993);
#526=LINE('',#4896,#994);
#527=LINE('',#4900,#995);
#528=LINE('',#4901,#996);
#529=LINE('',#4904,#997);
#530=LINE('',#4905,#998);
#531=LINE('',#4908,#999);
#532=LINE('',#4909,#1000);
#533=LINE('',#4912,#1001);
#534=LINE('',#4913,#1002);
#535=LINE('',#4916,#1003);
#536=LINE('',#4917,#1004);
#537=LINE('',#4919,#1005);
#538=LINE('',#4921,#1006);
#539=LINE('',#4928,#1007);
#540=LINE('',#4930,#1008);
#541=LINE('',#4932,#1009);
#542=LINE('',#4933,#1010);
#543=LINE('',#4937,#1011);
#544=LINE('',#4939,#1012);
#545=LINE('',#4941,#1013);
#546=LINE('',#4942,#1014);
#547=LINE('',#4944,#1015);
#548=LINE('',#4945,#1016);
#549=LINE('',#4949,#1017);
#550=LINE('',#4951,#1018);
#551=LINE('',#4953,#1019);
#552=LINE('',#4954,#1020);
#553=LINE('',#4958,#1021);
#554=LINE('',#4960,#1022);
#555=LINE('',#4962,#1023);
#556=LINE('',#4963,#1024);
#557=LINE('',#4965,#1025);
#558=LINE('',#4966,#1026);
#559=LINE('',#4970,#1027);
#560=LINE('',#4972,#1028);
#561=LINE('',#4974,#1029);
#562=LINE('',#4975,#1030);
#563=LINE('',#4979,#1031);
#564=LINE('',#4981,#1032);
#565=LINE('',#4983,#1033);
#566=LINE('',#4984,#1034);
#567=LINE('',#4986,#1035);
#568=LINE('',#4987,#1036);
#569=LINE('',#4991,#1037);
#570=LINE('',#4993,#1038);
#571=LINE('',#4995,#1039);
#572=LINE('',#4996,#1040);
#573=LINE('',#5000,#1041);
#574=LINE('',#5002,#1042);
#575=LINE('',#5004,#1043);
#576=LINE('',#5005,#1044);
#577=LINE('',#5007,#1045);
#578=LINE('',#5008,#1046);
#579=LINE('',#5012,#1047);
#580=LINE('',#5014,#1048);
#581=LINE('',#5016,#1049);
#582=LINE('',#5017,#1050);
#583=LINE('',#5021,#1051);
#584=LINE('',#5023,#1052);
#585=LINE('',#5025,#1053);
#586=LINE('',#5026,#1054);
#587=LINE('',#5028,#1055);
#588=LINE('',#5029,#1056);
#589=LINE('',#5033,#1057);
#590=LINE('',#5035,#1058);
#591=LINE('',#5037,#1059);
#592=LINE('',#5038,#1060);
#593=LINE('',#5042,#1061);
#594=LINE('',#5044,#1062);
#595=LINE('',#5046,#1063);
#596=LINE('',#5047,#1064);
#597=LINE('',#5049,#1065);
#598=LINE('',#5050,#1066);
#599=LINE('',#5054,#1067);
#600=LINE('',#5056,#1068);
#601=LINE('',#5058,#1069);
#602=LINE('',#5059,#1070);
#603=LINE('',#5063,#1071);
#604=LINE('',#5065,#1072);
#605=LINE('',#5067,#1073);
#606=LINE('',#5068,#1074);
#607=LINE('',#5070,#1075);
#608=LINE('',#5071,#1076);
#609=LINE('',#5075,#1077);
#610=LINE('',#5077,#1078);
#611=LINE('',#5079,#1079);
#612=LINE('',#5080,#1080);
#613=LINE('',#5084,#1081);
#614=LINE('',#5086,#1082);
#615=LINE('',#5088,#1083);
#616=LINE('',#5089,#1084);
#617=LINE('',#5091,#1085);
#618=LINE('',#5092,#1086);
#619=LINE('',#5096,#1087);
#620=LINE('',#5098,#1088);
#621=LINE('',#5100,#1089);
#622=LINE('',#5101,#1090);
#623=LINE('',#5105,#1091);
#624=LINE('',#5107,#1092);
#625=LINE('',#5109,#1093);
#626=LINE('',#5110,#1094);
#627=LINE('',#5112,#1095);
#628=LINE('',#5113,#1096);
#629=LINE('',#5117,#1097);
#630=LINE('',#5119,#1098);
#631=LINE('',#5121,#1099);
#632=LINE('',#5122,#1100);
#633=LINE('',#5126,#1101);
#634=LINE('',#5128,#1102);
#635=LINE('',#5130,#1103);
#636=LINE('',#5131,#1104);
#637=LINE('',#5133,#1105);
#638=LINE('',#5134,#1106);
#639=LINE('',#5138,#1107);
#640=LINE('',#5140,#1108);
#641=LINE('',#5142,#1109);
#642=LINE('',#5143,#1110);
#643=LINE('',#5147,#1111);
#644=LINE('',#5149,#1112);
#645=LINE('',#5151,#1113);
#646=LINE('',#5152,#1114);
#647=LINE('',#5154,#1115);
#648=LINE('',#5155,#1116);
#649=LINE('',#5159,#1117);
#650=LINE('',#5161,#1118);
#651=LINE('',#5163,#1119);
#652=LINE('',#5164,#1120);
#653=LINE('',#5168,#1121);
#654=LINE('',#5170,#1122);
#655=LINE('',#5172,#1123);
#656=LINE('',#5173,#1124);
#657=LINE('',#5175,#1125);
#658=LINE('',#5176,#1126);
#659=LINE('',#5180,#1127);
#660=LINE('',#5182,#1128);
#661=LINE('',#5184,#1129);
#662=LINE('',#5185,#1130);
#663=LINE('',#5189,#1131);
#664=LINE('',#5191,#1132);
#665=LINE('',#5193,#1133);
#666=LINE('',#5194,#1134);
#667=LINE('',#5196,#1135);
#668=LINE('',#5197,#1136);
#669=LINE('',#5201,#1137);
#670=LINE('',#5203,#1138);
#671=LINE('',#5205,#1139);
#672=LINE('',#5206,#1140);
#673=LINE('',#5210,#1141);
#674=LINE('',#5212,#1142);
#675=LINE('',#5214,#1143);
#676=LINE('',#5215,#1144);
#677=LINE('',#5217,#1145);
#678=LINE('',#5218,#1146);
#679=LINE('',#5222,#1147);
#680=LINE('',#5224,#1148);
#681=LINE('',#5226,#1149);
#682=LINE('',#5227,#1150);
#683=LINE('',#5231,#1151);
#684=LINE('',#5233,#1152);
#685=LINE('',#5235,#1153);
#686=LINE('',#5236,#1154);
#687=LINE('',#5238,#1155);
#688=LINE('',#5239,#1156);
#689=LINE('',#5243,#1157);
#690=LINE('',#5245,#1158);
#691=LINE('',#5247,#1159);
#692=LINE('',#5248,#1160);
#693=LINE('',#5252,#1161);
#694=LINE('',#5254,#1162);
#695=LINE('',#5256,#1163);
#696=LINE('',#5257,#1164);
#697=LINE('',#5259,#1165);
#698=LINE('',#5260,#1166);
#699=LINE('',#5264,#1167);
#700=LINE('',#5266,#1168);
#701=LINE('',#5268,#1169);
#702=LINE('',#5269,#1170);
#703=LINE('',#5273,#1171);
#704=LINE('',#5275,#1172);
#705=LINE('',#5277,#1173);
#706=LINE('',#5278,#1174);
#707=LINE('',#5280,#1175);
#708=LINE('',#5281,#1176);
#709=LINE('',#5285,#1177);
#710=LINE('',#5287,#1178);
#711=LINE('',#5289,#1179);
#712=LINE('',#5290,#1180);
#713=LINE('',#5294,#1181);
#714=LINE('',#5296,#1182);
#715=LINE('',#5298,#1183);
#716=LINE('',#5299,#1184);
#717=LINE('',#5301,#1185);
#718=LINE('',#5302,#1186);
#719=LINE('',#5306,#1187);
#720=LINE('',#5308,#1188);
#721=LINE('',#5310,#1189);
#722=LINE('',#5311,#1190);
#723=LINE('',#5315,#1191);
#724=LINE('',#5317,#1192);
#725=LINE('',#5319,#1193);
#726=LINE('',#5320,#1194);
#727=LINE('',#5322,#1195);
#728=LINE('',#5323,#1196);
#729=LINE('',#5327,#1197);
#730=LINE('',#5329,#1198);
#731=LINE('',#5331,#1199);
#732=LINE('',#5332,#1200);
#733=LINE('',#5336,#1201);
#734=LINE('',#5338,#1202);
#735=LINE('',#5340,#1203);
#736=LINE('',#5341,#1204);
#737=LINE('',#5343,#1205);
#738=LINE('',#5344,#1206);
#739=LINE('',#5348,#1207);
#740=LINE('',#5350,#1208);
#741=LINE('',#5352,#1209);
#742=LINE('',#5353,#1210);
#743=LINE('',#5357,#1211);
#744=LINE('',#5359,#1212);
#745=LINE('',#5361,#1213);
#746=LINE('',#5362,#1214);
#747=LINE('',#5364,#1215);
#748=LINE('',#5365,#1216);
#749=LINE('',#5369,#1217);
#750=LINE('',#5371,#1218);
#751=LINE('',#5373,#1219);
#752=LINE('',#5374,#1220);
#753=LINE('',#5378,#1221);
#754=LINE('',#5380,#1222);
#755=LINE('',#5382,#1223);
#756=LINE('',#5383,#1224);
#757=LINE('',#5385,#1225);
#758=LINE('',#5386,#1226);
#759=LINE('',#5390,#1227);
#760=LINE('',#5392,#1228);
#761=LINE('',#5394,#1229);
#762=LINE('',#5395,#1230);
#763=LINE('',#5399,#1231);
#764=LINE('',#5401,#1232);
#765=LINE('',#5403,#1233);
#766=LINE('',#5404,#1234);
#767=LINE('',#5406,#1235);
#768=LINE('',#5407,#1236);
#769=LINE('',#5411,#1237);
#770=LINE('',#5413,#1238);
#771=LINE('',#5415,#1239);
#772=LINE('',#5416,#1240);
#773=LINE('',#5420,#1241);
#774=LINE('',#5422,#1242);
#775=LINE('',#5424,#1243);
#776=LINE('',#5425,#1244);
#777=LINE('',#5427,#1245);
#778=LINE('',#5428,#1246);
#779=LINE('',#5432,#1247);
#780=LINE('',#5434,#1248);
#781=LINE('',#5436,#1249);
#782=LINE('',#5437,#1250);
#783=LINE('',#5441,#1251);
#784=LINE('',#5443,#1252);
#785=LINE('',#5445,#1253);
#786=LINE('',#5446,#1254);
#787=LINE('',#5448,#1255);
#788=LINE('',#5449,#1256);
#789=LINE('',#5453,#1257);
#790=LINE('',#5455,#1258);
#791=LINE('',#5457,#1259);
#792=LINE('',#5458,#1260);
#793=LINE('',#5462,#1261);
#794=LINE('',#5464,#1262);
#795=LINE('',#5466,#1263);
#796=LINE('',#5467,#1264);
#797=LINE('',#5469,#1265);
#798=LINE('',#5470,#1266);
#799=LINE('',#5474,#1267);
#800=LINE('',#5476,#1268);
#801=LINE('',#5478,#1269);
#802=LINE('',#5479,#1270);
#803=LINE('',#5483,#1271);
#804=LINE('',#5485,#1272);
#805=LINE('',#5487,#1273);
#806=LINE('',#5488,#1274);
#807=LINE('',#5490,#1275);
#808=LINE('',#5491,#1276);
#809=LINE('',#5495,#1277);
#810=LINE('',#5497,#1278);
#811=LINE('',#5499,#1279);
#812=LINE('',#5500,#1280);
#813=LINE('',#5504,#1281);
#814=LINE('',#5506,#1282);
#815=LINE('',#5508,#1283);
#816=LINE('',#5509,#1284);
#817=LINE('',#5511,#1285);
#818=LINE('',#5512,#1286);
#819=LINE('',#5516,#1287);
#820=LINE('',#5518,#1288);
#821=LINE('',#5520,#1289);
#822=LINE('',#5521,#1290);
#823=LINE('',#5525,#1291);
#824=LINE('',#5527,#1292);
#825=LINE('',#5529,#1293);
#826=LINE('',#5530,#1294);
#827=LINE('',#5532,#1295);
#828=LINE('',#5533,#1296);
#829=LINE('',#5536,#1297);
#830=LINE('',#5538,#1298);
#831=LINE('',#5539,#1299);
#832=LINE('',#5542,#1300);
#833=LINE('',#5544,#1301);
#834=LINE('',#5545,#1302);
#835=LINE('',#5547,#1303);
#836=LINE('',#5548,#1304);
#837=LINE('',#5550,#1305);
#838=LINE('',#5551,#1306);
#839=LINE('',#5553,#1307);
#840=LINE('',#5554,#1308);
#841=LINE('',#5556,#1309);
#842=LINE('',#5557,#1310);
#843=LINE('',#5559,#1311);
#844=LINE('',#5560,#1312);
#845=LINE('',#5562,#1313);
#846=LINE('',#5563,#1314);
#847=LINE('',#5565,#1315);
#848=LINE('',#5566,#1316);
#849=LINE('',#5568,#1317);
#850=LINE('',#5569,#1318);
#851=LINE('',#5571,#1319);
#852=LINE('',#5572,#1320);
#853=LINE('',#5574,#1321);
#854=LINE('',#5575,#1322);
#855=LINE('',#5577,#1323);
#856=LINE('',#5578,#1324);
#857=LINE('',#5580,#1325);
#858=LINE('',#5581,#1326);
#859=LINE('',#5583,#1327);
#860=LINE('',#5584,#1328);
#861=LINE('',#5586,#1329);
#862=LINE('',#5587,#1330);
#863=LINE('',#5589,#1331);
#864=LINE('',#5590,#1332);
#865=LINE('',#5592,#1333);
#866=LINE('',#5593,#1334);
#867=LINE('',#5595,#1335);
#868=LINE('',#5596,#1336);
#869=LINE('',#5598,#1337);
#870=LINE('',#5599,#1338);
#871=LINE('',#5601,#1339);
#872=LINE('',#5602,#1340);
#873=LINE('',#5604,#1341);
#874=LINE('',#5605,#1342);
#875=LINE('',#5607,#1343);
#876=LINE('',#5608,#1344);
#877=LINE('',#5610,#1345);
#878=LINE('',#5611,#1346);
#879=LINE('',#5613,#1347);
#880=LINE('',#5614,#1348);
#881=LINE('',#5616,#1349);
#882=LINE('',#5617,#1350);
#883=LINE('',#5619,#1351);
#884=LINE('',#5620,#1352);
#885=LINE('',#5622,#1353);
#886=LINE('',#5623,#1354);
#887=LINE('',#5625,#1355);
#888=LINE('',#5626,#1356);
#889=LINE('',#5628,#1357);
#890=LINE('',#5629,#1358);
#891=LINE('',#5632,#1359);
#892=LINE('',#5634,#1360);
#893=LINE('',#5635,#1361);
#894=LINE('',#5638,#1362);
#895=LINE('',#5640,#1363);
#896=LINE('',#5641,#1364);
#897=LINE('',#5643,#1365);
#898=LINE('',#5645,#1366);
#899=VECTOR('',#3760,10.);
#900=VECTOR('',#3761,10.);
#901=VECTOR('',#3762,10.);
#902=VECTOR('',#3763,10.);
#903=VECTOR('',#3770,10.);
#904=VECTOR('',#3773,10.);
#905=VECTOR('',#3774,10.);
#906=VECTOR('',#3775,10.);
#907=VECTOR('',#3782,10.);
#908=VECTOR('',#3785,10.);
#909=VECTOR('',#3786,10.);
#910=VECTOR('',#3787,10.);
#911=VECTOR('',#3794,10.);
#912=VECTOR('',#3797,10.);
#913=VECTOR('',#3798,10.);
#914=VECTOR('',#3799,10.);
#915=VECTOR('',#3812,10.);
#916=VECTOR('',#3813,10.);
#917=VECTOR('',#3814,10.);
#918=VECTOR('',#3815,10.);
#919=VECTOR('',#3818,10.);
#920=VECTOR('',#3819,10.);
#921=VECTOR('',#3820,10.);
#922=VECTOR('',#3823,10.);
#923=VECTOR('',#3824,10.);
#924=VECTOR('',#3827,10.);
#925=VECTOR('',#3828,10.);
#926=VECTOR('',#3831,10.);
#927=VECTOR('',#3836,10.);
#928=VECTOR('',#3837,10.);
#929=VECTOR('',#3838,10.);
#930=VECTOR('',#3839,10.);
#931=VECTOR('',#3842,10.);
#932=VECTOR('',#3843,10.);
#933=VECTOR('',#3844,10.);
#934=VECTOR('',#3847,10.);
#935=VECTOR('',#3848,10.);
#936=VECTOR('',#3849,10.);
#937=VECTOR('',#3852,10.);
#938=VECTOR('',#3853,10.);
#939=VECTOR('',#3862,10.);
#940=VECTOR('',#3865,10.);
#941=VECTOR('',#3868,10.);
#942=VECTOR('',#3871,10.);
#943=VECTOR('',#3874,10.);
#944=VECTOR('',#3877,10.);
#945=VECTOR('',#3880,10.);
#946=VECTOR('',#3883,10.);
#947=VECTOR('',#3886,10.);
#948=VECTOR('',#3887,10.);
#949=VECTOR('',#3888,10.);
#950=VECTOR('',#3893,10.);
#951=VECTOR('',#3896,10.);
#952=VECTOR('',#3897,10.);
#953=VECTOR('',#3902,10.);
#954=VECTOR('',#3905,10.);
#955=VECTOR('',#3906,10.);
#956=VECTOR('',#3911,10.);
#957=VECTOR('',#3914,10.);
#958=VECTOR('',#3915,10.);
#959=VECTOR('',#3922,10.);
#960=VECTOR('',#3923,10.);
#961=VECTOR('',#3924,10.);
#962=VECTOR('',#3929,10.);
#963=VECTOR('',#3932,10.);
#964=VECTOR('',#3933,10.);
#965=VECTOR('',#3938,10.);
#966=VECTOR('',#3941,10.);
#967=VECTOR('',#3942,10.);
#968=VECTOR('',#3947,10.);
#969=VECTOR('',#3950,10.);
#970=VECTOR('',#3951,10.);
#971=VECTOR('',#3960,10.);
#972=VECTOR('',#3961,10.);
#973=VECTOR('',#3962,10.);
#974=VECTOR('',#3963,10.);
#975=VECTOR('',#3966,10.);
#976=VECTOR('',#3969,10.);
#977=VECTOR('',#3974,10.);
#978=VECTOR('',#3977,10.);
#979=VECTOR('',#3980,10.);
#980=VECTOR('',#3981,10.);
#981=VECTOR('',#3982,10.);
#982=VECTOR('',#3985,10.);
#983=VECTOR('',#3986,10.);
#984=VECTOR('',#3989,10.);
#985=VECTOR('',#3990,10.);
#986=VECTOR('',#3991,10.);
#987=VECTOR('',#3994,10.);
#988=VECTOR('',#3995,10.);
#989=VECTOR('',#3996,10.);
#990=VECTOR('',#3997,10.);
#991=VECTOR('',#3998,10.);
#992=VECTOR('',#3999,10.);
#993=VECTOR('',#4000,10.);
#994=VECTOR('',#4003,10.);
#995=VECTOR('',#4008,10.);
#996=VECTOR('',#4009,10.);
#997=VECTOR('',#4012,10.);
#998=VECTOR('',#4013,10.);
#999=VECTOR('',#4016,10.);
#1000=VECTOR('',#4017,10.);
#1001=VECTOR('',#4020,10.);
#1002=VECTOR('',#4021,10.);
#1003=VECTOR('',#4024,10.);
#1004=VECTOR('',#4025,10.);
#1005=VECTOR('',#4028,10.);
#1006=VECTOR('',#4031,10.);
#1007=VECTOR('',#4040,10.);
#1008=VECTOR('',#4041,10.);
#1009=VECTOR('',#4042,10.);
#1010=VECTOR('',#4043,10.);
#1011=VECTOR('',#4046,10.);
#1012=VECTOR('',#4047,10.);
#1013=VECTOR('',#4048,10.);
#1014=VECTOR('',#4049,10.);
#1015=VECTOR('',#4052,10.);
#1016=VECTOR('',#4053,10.);
#1017=VECTOR('',#4056,10.);
#1018=VECTOR('',#4057,10.);
#1019=VECTOR('',#4058,10.);
#1020=VECTOR('',#4059,10.);
#1021=VECTOR('',#4062,10.);
#1022=VECTOR('',#4063,10.);
#1023=VECTOR('',#4064,10.);
#1024=VECTOR('',#4065,10.);
#1025=VECTOR('',#4068,10.);
#1026=VECTOR('',#4069,10.);
#1027=VECTOR('',#4072,10.);
#1028=VECTOR('',#4073,10.);
#1029=VECTOR('',#4074,10.);
#1030=VECTOR('',#4075,10.);
#1031=VECTOR('',#4078,10.);
#1032=VECTOR('',#4079,10.);
#1033=VECTOR('',#4080,10.);
#1034=VECTOR('',#4081,10.);
#1035=VECTOR('',#4084,10.);
#1036=VECTOR('',#4085,10.);
#1037=VECTOR('',#4088,10.);
#1038=VECTOR('',#4089,10.);
#1039=VECTOR('',#4090,10.);
#1040=VECTOR('',#4091,10.);
#1041=VECTOR('',#4094,10.);
#1042=VECTOR('',#4095,10.);
#1043=VECTOR('',#4096,10.);
#1044=VECTOR('',#4097,10.);
#1045=VECTOR('',#4100,10.);
#1046=VECTOR('',#4101,10.);
#1047=VECTOR('',#4104,10.);
#1048=VECTOR('',#4105,10.);
#1049=VECTOR('',#4106,10.);
#1050=VECTOR('',#4107,10.);
#1051=VECTOR('',#4110,10.);
#1052=VECTOR('',#4111,10.);
#1053=VECTOR('',#4112,10.);
#1054=VECTOR('',#4113,10.);
#1055=VECTOR('',#4116,10.);
#1056=VECTOR('',#4117,10.);
#1057=VECTOR('',#4120,10.);
#1058=VECTOR('',#4121,10.);
#1059=VECTOR('',#4122,10.);
#1060=VECTOR('',#4123,10.);
#1061=VECTOR('',#4126,10.);
#1062=VECTOR('',#4127,10.);
#1063=VECTOR('',#4128,10.);
#1064=VECTOR('',#4129,10.);
#1065=VECTOR('',#4132,10.);
#1066=VECTOR('',#4133,10.);
#1067=VECTOR('',#4136,10.);
#1068=VECTOR('',#4137,10.);
#1069=VECTOR('',#4138,10.);
#1070=VECTOR('',#4139,10.);
#1071=VECTOR('',#4142,10.);
#1072=VECTOR('',#4143,10.);
#1073=VECTOR('',#4144,10.);
#1074=VECTOR('',#4145,10.);
#1075=VECTOR('',#4148,10.);
#1076=VECTOR('',#4149,10.);
#1077=VECTOR('',#4152,10.);
#1078=VECTOR('',#4153,10.);
#1079=VECTOR('',#4154,10.);
#1080=VECTOR('',#4155,10.);
#1081=VECTOR('',#4158,10.);
#1082=VECTOR('',#4159,10.);
#1083=VECTOR('',#4160,10.);
#1084=VECTOR('',#4161,10.);
#1085=VECTOR('',#4164,10.);
#1086=VECTOR('',#4165,10.);
#1087=VECTOR('',#4168,10.);
#1088=VECTOR('',#4169,10.);
#1089=VECTOR('',#4170,10.);
#1090=VECTOR('',#4171,10.);
#1091=VECTOR('',#4174,10.);
#1092=VECTOR('',#4175,10.);
#1093=VECTOR('',#4176,10.);
#1094=VECTOR('',#4177,10.);
#1095=VECTOR('',#4180,10.);
#1096=VECTOR('',#4181,10.);
#1097=VECTOR('',#4184,10.);
#1098=VECTOR('',#4185,10.);
#1099=VECTOR('',#4186,10.);
#1100=VECTOR('',#4187,10.);
#1101=VECTOR('',#4190,10.);
#1102=VECTOR('',#4191,10.);
#1103=VECTOR('',#4192,10.);
#1104=VECTOR('',#4193,10.);
#1105=VECTOR('',#4196,10.);
#1106=VECTOR('',#4197,10.);
#1107=VECTOR('',#4200,10.);
#1108=VECTOR('',#4201,10.);
#1109=VECTOR('',#4202,10.);
#1110=VECTOR('',#4203,10.);
#1111=VECTOR('',#4206,10.);
#1112=VECTOR('',#4207,10.);
#1113=VECTOR('',#4208,10.);
#1114=VECTOR('',#4209,10.);
#1115=VECTOR('',#4212,10.);
#1116=VECTOR('',#4213,10.);
#1117=VECTOR('',#4216,10.);
#1118=VECTOR('',#4217,10.);
#1119=VECTOR('',#4218,10.);
#1120=VECTOR('',#4219,10.);
#1121=VECTOR('',#4222,10.);
#1122=VECTOR('',#4223,10.);
#1123=VECTOR('',#4224,10.);
#1124=VECTOR('',#4225,10.);
#1125=VECTOR('',#4228,10.);
#1126=VECTOR('',#4229,10.);
#1127=VECTOR('',#4232,10.);
#1128=VECTOR('',#4233,10.);
#1129=VECTOR('',#4234,10.);
#1130=VECTOR('',#4235,10.);
#1131=VECTOR('',#4238,10.);
#1132=VECTOR('',#4239,10.);
#1133=VECTOR('',#4240,10.);
#1134=VECTOR('',#4241,10.);
#1135=VECTOR('',#4244,10.);
#1136=VECTOR('',#4245,10.);
#1137=VECTOR('',#4248,10.);
#1138=VECTOR('',#4249,10.);
#1139=VECTOR('',#4250,10.);
#1140=VECTOR('',#4251,10.);
#1141=VECTOR('',#4254,10.);
#1142=VECTOR('',#4255,10.);
#1143=VECTOR('',#4256,10.);
#1144=VECTOR('',#4257,10.);
#1145=VECTOR('',#4260,10.);
#1146=VECTOR('',#4261,10.);
#1147=VECTOR('',#4264,10.);
#1148=VECTOR('',#4265,10.);
#1149=VECTOR('',#4266,10.);
#1150=VECTOR('',#4267,10.);
#1151=VECTOR('',#4270,10.);
#1152=VECTOR('',#4271,10.);
#1153=VECTOR('',#4272,10.);
#1154=VECTOR('',#4273,10.);
#1155=VECTOR('',#4276,10.);
#1156=VECTOR('',#4277,10.);
#1157=VECTOR('',#4280,10.);
#1158=VECTOR('',#4281,10.);
#1159=VECTOR('',#4282,10.);
#1160=VECTOR('',#4283,10.);
#1161=VECTOR('',#4286,10.);
#1162=VECTOR('',#4287,10.);
#1163=VECTOR('',#4288,10.);
#1164=VECTOR('',#4289,10.);
#1165=VECTOR('',#4292,10.);
#1166=VECTOR('',#4293,10.);
#1167=VECTOR('',#4296,10.);
#1168=VECTOR('',#4297,10.);
#1169=VECTOR('',#4298,10.);
#1170=VECTOR('',#4299,10.);
#1171=VECTOR('',#4302,10.);
#1172=VECTOR('',#4303,10.);
#1173=VECTOR('',#4304,10.);
#1174=VECTOR('',#4305,10.);
#1175=VECTOR('',#4308,10.);
#1176=VECTOR('',#4309,10.);
#1177=VECTOR('',#4312,10.);
#1178=VECTOR('',#4313,10.);
#1179=VECTOR('',#4314,10.);
#1180=VECTOR('',#4315,10.);
#1181=VECTOR('',#4318,10.);
#1182=VECTOR('',#4319,10.);
#1183=VECTOR('',#4320,10.);
#1184=VECTOR('',#4321,10.);
#1185=VECTOR('',#4324,10.);
#1186=VECTOR('',#4325,10.);
#1187=VECTOR('',#4328,10.);
#1188=VECTOR('',#4329,10.);
#1189=VECTOR('',#4330,10.);
#1190=VECTOR('',#4331,10.);
#1191=VECTOR('',#4334,10.);
#1192=VECTOR('',#4335,10.);
#1193=VECTOR('',#4336,10.);
#1194=VECTOR('',#4337,10.);
#1195=VECTOR('',#4340,10.);
#1196=VECTOR('',#4341,10.);
#1197=VECTOR('',#4344,10.);
#1198=VECTOR('',#4345,10.);
#1199=VECTOR('',#4346,10.);
#1200=VECTOR('',#4347,10.);
#1201=VECTOR('',#4350,10.);
#1202=VECTOR('',#4351,10.);
#1203=VECTOR('',#4352,10.);
#1204=VECTOR('',#4353,10.);
#1205=VECTOR('',#4356,10.);
#1206=VECTOR('',#4357,10.);
#1207=VECTOR('',#4360,10.);
#1208=VECTOR('',#4361,10.);
#1209=VECTOR('',#4362,10.);
#1210=VECTOR('',#4363,10.);
#1211=VECTOR('',#4366,10.);
#1212=VECTOR('',#4367,10.);
#1213=VECTOR('',#4368,10.);
#1214=VECTOR('',#4369,10.);
#1215=VECTOR('',#4372,10.);
#1216=VECTOR('',#4373,10.);
#1217=VECTOR('',#4376,10.);
#1218=VECTOR('',#4377,10.);
#1219=VECTOR('',#4378,10.);
#1220=VECTOR('',#4379,10.);
#1221=VECTOR('',#4382,10.);
#1222=VECTOR('',#4383,10.);
#1223=VECTOR('',#4384,10.);
#1224=VECTOR('',#4385,10.);
#1225=VECTOR('',#4388,10.);
#1226=VECTOR('',#4389,10.);
#1227=VECTOR('',#4392,10.);
#1228=VECTOR('',#4393,10.);
#1229=VECTOR('',#4394,10.);
#1230=VECTOR('',#4395,10.);
#1231=VECTOR('',#4398,10.);
#1232=VECTOR('',#4399,10.);
#1233=VECTOR('',#4400,10.);
#1234=VECTOR('',#4401,10.);
#1235=VECTOR('',#4404,10.);
#1236=VECTOR('',#4405,10.);
#1237=VECTOR('',#4408,10.);
#1238=VECTOR('',#4409,10.);
#1239=VECTOR('',#4410,10.);
#1240=VECTOR('',#4411,10.);
#1241=VECTOR('',#4414,10.);
#1242=VECTOR('',#4415,10.);
#1243=VECTOR('',#4416,10.);
#1244=VECTOR('',#4417,10.);
#1245=VECTOR('',#4420,10.);
#1246=VECTOR('',#4421,10.);
#1247=VECTOR('',#4424,10.);
#1248=VECTOR('',#4425,10.);
#1249=VECTOR('',#4426,10.);
#1250=VECTOR('',#4427,10.);
#1251=VECTOR('',#4430,10.);
#1252=VECTOR('',#4431,10.);
#1253=VECTOR('',#4432,10.);
#1254=VECTOR('',#4433,10.);
#1255=VECTOR('',#4436,10.);
#1256=VECTOR('',#4437,10.);
#1257=VECTOR('',#4440,10.);
#1258=VECTOR('',#4441,10.);
#1259=VECTOR('',#4442,10.);
#1260=VECTOR('',#4443,10.);
#1261=VECTOR('',#4446,10.);
#1262=VECTOR('',#4447,10.);
#1263=VECTOR('',#4448,10.);
#1264=VECTOR('',#4449,10.);
#1265=VECTOR('',#4452,10.);
#1266=VECTOR('',#4453,10.);
#1267=VECTOR('',#4456,10.);
#1268=VECTOR('',#4457,10.);
#1269=VECTOR('',#4458,10.);
#1270=VECTOR('',#4459,10.);
#1271=VECTOR('',#4462,10.);
#1272=VECTOR('',#4463,10.);
#1273=VECTOR('',#4464,10.);
#1274=VECTOR('',#4465,10.);
#1275=VECTOR('',#4468,10.);
#1276=VECTOR('',#4469,10.);
#1277=VECTOR('',#4472,10.);
#1278=VECTOR('',#4473,10.);
#1279=VECTOR('',#4474,10.);
#1280=VECTOR('',#4475,10.);
#1281=VECTOR('',#4478,10.);
#1282=VECTOR('',#4479,10.);
#1283=VECTOR('',#4480,10.);
#1284=VECTOR('',#4481,10.);
#1285=VECTOR('',#4484,10.);
#1286=VECTOR('',#4485,10.);
#1287=VECTOR('',#4488,10.);
#1288=VECTOR('',#4489,10.);
#1289=VECTOR('',#4490,10.);
#1290=VECTOR('',#4491,10.);
#1291=VECTOR('',#4494,10.);
#1292=VECTOR('',#4495,10.);
#1293=VECTOR('',#4496,10.);
#1294=VECTOR('',#4497,10.);
#1295=VECTOR('',#4500,10.);
#1296=VECTOR('',#4501,10.);
#1297=VECTOR('',#4504,10.);
#1298=VECTOR('',#4505,10.);
#1299=VECTOR('',#4506,10.);
#1300=VECTOR('',#4509,10.);
#1301=VECTOR('',#4510,10.);
#1302=VECTOR('',#4511,10.);
#1303=VECTOR('',#4514,10.);
#1304=VECTOR('',#4515,10.);
#1305=VECTOR('',#4518,10.);
#1306=VECTOR('',#4519,10.);
#1307=VECTOR('',#4522,10.);
#1308=VECTOR('',#4523,10.);
#1309=VECTOR('',#4526,10.);
#1310=VECTOR('',#4527,10.);
#1311=VECTOR('',#4530,10.);
#1312=VECTOR('',#4531,10.);
#1313=VECTOR('',#4534,10.);
#1314=VECTOR('',#4535,10.);
#1315=VECTOR('',#4538,10.);
#1316=VECTOR('',#4539,10.);
#1317=VECTOR('',#4542,10.);
#1318=VECTOR('',#4543,10.);
#1319=VECTOR('',#4546,10.);
#1320=VECTOR('',#4547,10.);
#1321=VECTOR('',#4550,10.);
#1322=VECTOR('',#4551,10.);
#1323=VECTOR('',#4554,10.);
#1324=VECTOR('',#4555,10.);
#1325=VECTOR('',#4558,10.);
#1326=VECTOR('',#4559,10.);
#1327=VECTOR('',#4562,10.);
#1328=VECTOR('',#4563,10.);
#1329=VECTOR('',#4566,10.);
#1330=VECTOR('',#4567,10.);
#1331=VECTOR('',#4570,10.);
#1332=VECTOR('',#4571,10.);
#1333=VECTOR('',#4574,10.);
#1334=VECTOR('',#4575,10.);
#1335=VECTOR('',#4578,10.);
#1336=VECTOR('',#4579,10.);
#1337=VECTOR('',#4582,10.);
#1338=VECTOR('',#4583,10.);
#1339=VECTOR('',#4586,10.);
#1340=VECTOR('',#4587,10.);
#1341=VECTOR('',#4590,10.);
#1342=VECTOR('',#4591,10.);
#1343=VECTOR('',#4594,10.);
#1344=VECTOR('',#4595,10.);
#1345=VECTOR('',#4598,10.);
#1346=VECTOR('',#4599,10.);
#1347=VECTOR('',#4602,10.);
#1348=VECTOR('',#4603,10.);
#1349=VECTOR('',#4606,10.);
#1350=VECTOR('',#4607,10.);
#1351=VECTOR('',#4610,10.);
#1352=VECTOR('',#4611,10.);
#1353=VECTOR('',#4614,10.);
#1354=VECTOR('',#4615,10.);
#1355=VECTOR('',#4618,10.);
#1356=VECTOR('',#4619,10.);
#1357=VECTOR('',#4622,10.);
#1358=VECTOR('',#4623,10.);
#1359=VECTOR('',#4626,10.);
#1360=VECTOR('',#4627,10.);
#1361=VECTOR('',#4628,10.);
#1362=VECTOR('',#4631,10.);
#1363=VECTOR('',#4632,10.);
#1364=VECTOR('',#4633,10.);
#1365=VECTOR('',#4636,10.);
#1366=VECTOR('',#4639,10.);
#1367=VERTEX_POINT('',#4644);
#1368=VERTEX_POINT('',#4645);
#1369=VERTEX_POINT('',#4647);
#1370=VERTEX_POINT('',#4649);
#1371=VERTEX_POINT('',#4653);
#1372=VERTEX_POINT('',#4655);
#1373=VERTEX_POINT('',#4659);
#1374=VERTEX_POINT('',#4661);
#1375=VERTEX_POINT('',#4665);
#1376=VERTEX_POINT('',#4667);
#1377=VERTEX_POINT('',#4671);
#1378=VERTEX_POINT('',#4673);
#1379=VERTEX_POINT('',#4677);
#1380=VERTEX_POINT('',#4679);
#1381=VERTEX_POINT('',#4683);
#1382=VERTEX_POINT('',#4685);
#1383=VERTEX_POINT('',#4694);
#1384=VERTEX_POINT('',#4695);
#1385=VERTEX_POINT('',#4697);
#1386=VERTEX_POINT('',#4699);
#1387=VERTEX_POINT('',#4703);
#1388=VERTEX_POINT('',#4705);
#1389=VERTEX_POINT('',#4709);
#1390=VERTEX_POINT('',#4713);
#1391=VERTEX_POINT('',#4720);
#1392=VERTEX_POINT('',#4721);
#1393=VERTEX_POINT('',#4723);
#1394=VERTEX_POINT('',#4725);
#1395=VERTEX_POINT('',#4729);
#1396=VERTEX_POINT('',#4731);
#1397=VERTEX_POINT('',#4735);
#1398=VERTEX_POINT('',#4737);
#1399=VERTEX_POINT('',#4746);
#1400=VERTEX_POINT('',#4747);
#1401=VERTEX_POINT('',#4749);
#1402=VERTEX_POINT('',#4751);
#1403=VERTEX_POINT('',#4753);
#1404=VERTEX_POINT('',#4755);
#1405=VERTEX_POINT('',#4757);
#1406=VERTEX_POINT('',#4759);
#1407=VERTEX_POINT('',#4762);
#1408=VERTEX_POINT('',#4763);
#1409=VERTEX_POINT('',#4765);
#1410=VERTEX_POINT('',#4767);
#1411=VERTEX_POINT('',#4769);
#1412=VERTEX_POINT('',#4771);
#1413=VERTEX_POINT('',#4773);
#1414=VERTEX_POINT('',#4775);
#1415=VERTEX_POINT('',#4779);
#1416=VERTEX_POINT('',#4780);
#1417=VERTEX_POINT('',#4785);
#1418=VERTEX_POINT('',#4789);
#1419=VERTEX_POINT('',#4793);
#1420=VERTEX_POINT('',#4797);
#1421=VERTEX_POINT('',#4801);
#1422=VERTEX_POINT('',#4805);
#1423=VERTEX_POINT('',#4811);
#1424=VERTEX_POINT('',#4812);
#1425=VERTEX_POINT('',#4817);
#1426=VERTEX_POINT('',#4821);
#1427=VERTEX_POINT('',#4825);
#1428=VERTEX_POINT('',#4829);
#1429=VERTEX_POINT('',#4833);
#1430=VERTEX_POINT('',#4837);
#1431=VERTEX_POINT('',#4844);
#1432=VERTEX_POINT('',#4845);
#1433=VERTEX_POINT('',#4847);
#1434=VERTEX_POINT('',#4849);
#1435=VERTEX_POINT('',#4853);
#1436=VERTEX_POINT('',#4855);
#1437=VERTEX_POINT('',#4857);
#1438=VERTEX_POINT('',#4861);
#1439=VERTEX_POINT('',#4863);
#1440=VERTEX_POINT('',#4868);
#1441=VERTEX_POINT('',#4872);
#1442=VERTEX_POINT('',#4876);
#1443=VERTEX_POINT('',#4878);
#1444=VERTEX_POINT('',#4882);
#1445=VERTEX_POINT('',#4884);
#1446=VERTEX_POINT('',#4886);
#1447=VERTEX_POINT('',#4888);
#1448=VERTEX_POINT('',#4890);
#1449=VERTEX_POINT('',#4892);
#1450=VERTEX_POINT('',#4899);
#1451=VERTEX_POINT('',#4903);
#1452=VERTEX_POINT('',#4907);
#1453=VERTEX_POINT('',#4911);
#1454=VERTEX_POINT('',#4915);
#1455=VERTEX_POINT('',#4926);
#1456=VERTEX_POINT('',#4927);
#1457=VERTEX_POINT('',#4929);
#1458=VERTEX_POINT('',#4931);
#1459=VERTEX_POINT('',#4935);
#1460=VERTEX_POINT('',#4936);
#1461=VERTEX_POINT('',#4938);
#1462=VERTEX_POINT('',#4940);
#1463=VERTEX_POINT('',#4947);
#1464=VERTEX_POINT('',#4948);
#1465=VERTEX_POINT('',#4950);
#1466=VERTEX_POINT('',#4952);
#1467=VERTEX_POINT('',#4956);
#1468=VERTEX_POINT('',#4957);
#1469=VERTEX_POINT('',#4959);
#1470=VERTEX_POINT('',#4961);
#1471=VERTEX_POINT('',#4968);
#1472=VERTEX_POINT('',#4969);
#1473=VERTEX_POINT('',#4971);
#1474=VERTEX_POINT('',#4973);
#1475=VERTEX_POINT('',#4977);
#1476=VERTEX_POINT('',#4978);
#1477=VERTEX_POINT('',#4980);
#1478=VERTEX_POINT('',#4982);
#1479=VERTEX_POINT('',#4989);
#1480=VERTEX_POINT('',#4990);
#1481=VERTEX_POINT('',#4992);
#1482=VERTEX_POINT('',#4994);
#1483=VERTEX_POINT('',#4998);
#1484=VERTEX_POINT('',#4999);
#1485=VERTEX_POINT('',#5001);
#1486=VERTEX_POINT('',#5003);
#1487=VERTEX_POINT('',#5010);
#1488=VERTEX_POINT('',#5011);
#1489=VERTEX_POINT('',#5013);
#1490=VERTEX_POINT('',#5015);
#1491=VERTEX_POINT('',#5019);
#1492=VERTEX_POINT('',#5020);
#1493=VERTEX_POINT('',#5022);
#1494=VERTEX_POINT('',#5024);
#1495=VERTEX_POINT('',#5031);
#1496=VERTEX_POINT('',#5032);
#1497=VERTEX_POINT('',#5034);
#1498=VERTEX_POINT('',#5036);
#1499=VERTEX_POINT('',#5040);
#1500=VERTEX_POINT('',#5041);
#1501=VERTEX_POINT('',#5043);
#1502=VERTEX_POINT('',#5045);
#1503=VERTEX_POINT('',#5052);
#1504=VERTEX_POINT('',#5053);
#1505=VERTEX_POINT('',#5055);
#1506=VERTEX_POINT('',#5057);
#1507=VERTEX_POINT('',#5061);
#1508=VERTEX_POINT('',#5062);
#1509=VERTEX_POINT('',#5064);
#1510=VERTEX_POINT('',#5066);
#1511=VERTEX_POINT('',#5073);
#1512=VERTEX_POINT('',#5074);
#1513=VERTEX_POINT('',#5076);
#1514=VERTEX_POINT('',#5078);
#1515=VERTEX_POINT('',#5082);
#1516=VERTEX_POINT('',#5083);
#1517=VERTEX_POINT('',#5085);
#1518=VERTEX_POINT('',#5087);
#1519=VERTEX_POINT('',#5094);
#1520=VERTEX_POINT('',#5095);
#1521=VERTEX_POINT('',#5097);
#1522=VERTEX_POINT('',#5099);
#1523=VERTEX_POINT('',#5103);
#1524=VERTEX_POINT('',#5104);
#1525=VERTEX_POINT('',#5106);
#1526=VERTEX_POINT('',#5108);
#1527=VERTEX_POINT('',#5115);
#1528=VERTEX_POINT('',#5116);
#1529=VERTEX_POINT('',#5118);
#1530=VERTEX_POINT('',#5120);
#1531=VERTEX_POINT('',#5124);
#1532=VERTEX_POINT('',#5125);
#1533=VERTEX_POINT('',#5127);
#1534=VERTEX_POINT('',#5129);
#1535=VERTEX_POINT('',#5136);
#1536=VERTEX_POINT('',#5137);
#1537=VERTEX_POINT('',#5139);
#1538=VERTEX_POINT('',#5141);
#1539=VERTEX_POINT('',#5145);
#1540=VERTEX_POINT('',#5146);
#1541=VERTEX_POINT('',#5148);
#1542=VERTEX_POINT('',#5150);
#1543=VERTEX_POINT('',#5157);
#1544=VERTEX_POINT('',#5158);
#1545=VERTEX_POINT('',#5160);
#1546=VERTEX_POINT('',#5162);
#1547=VERTEX_POINT('',#5166);
#1548=VERTEX_POINT('',#5167);
#1549=VERTEX_POINT('',#5169);
#1550=VERTEX_POINT('',#5171);
#1551=VERTEX_POINT('',#5178);
#1552=VERTEX_POINT('',#5179);
#1553=VERTEX_POINT('',#5181);
#1554=VERTEX_POINT('',#5183);
#1555=VERTEX_POINT('',#5187);
#1556=VERTEX_POINT('',#5188);
#1557=VERTEX_POINT('',#5190);
#1558=VERTEX_POINT('',#5192);
#1559=VERTEX_POINT('',#5199);
#1560=VERTEX_POINT('',#5200);
#1561=VERTEX_POINT('',#5202);
#1562=VERTEX_POINT('',#5204);
#1563=VERTEX_POINT('',#5208);
#1564=VERTEX_POINT('',#5209);
#1565=VERTEX_POINT('',#5211);
#1566=VERTEX_POINT('',#5213);
#1567=VERTEX_POINT('',#5220);
#1568=VERTEX_POINT('',#5221);
#1569=VERTEX_POINT('',#5223);
#1570=VERTEX_POINT('',#5225);
#1571=VERTEX_POINT('',#5229);
#1572=VERTEX_POINT('',#5230);
#1573=VERTEX_POINT('',#5232);
#1574=VERTEX_POINT('',#5234);
#1575=VERTEX_POINT('',#5241);
#1576=VERTEX_POINT('',#5242);
#1577=VERTEX_POINT('',#5244);
#1578=VERTEX_POINT('',#5246);
#1579=VERTEX_POINT('',#5250);
#1580=VERTEX_POINT('',#5251);
#1581=VERTEX_POINT('',#5253);
#1582=VERTEX_POINT('',#5255);
#1583=VERTEX_POINT('',#5262);
#1584=VERTEX_POINT('',#5263);
#1585=VERTEX_POINT('',#5265);
#1586=VERTEX_POINT('',#5267);
#1587=VERTEX_POINT('',#5271);
#1588=VERTEX_POINT('',#5272);
#1589=VERTEX_POINT('',#5274);
#1590=VERTEX_POINT('',#5276);
#1591=VERTEX_POINT('',#5283);
#1592=VERTEX_POINT('',#5284);
#1593=VERTEX_POINT('',#5286);
#1594=VERTEX_POINT('',#5288);
#1595=VERTEX_POINT('',#5292);
#1596=VERTEX_POINT('',#5293);
#1597=VERTEX_POINT('',#5295);
#1598=VERTEX_POINT('',#5297);
#1599=VERTEX_POINT('',#5304);
#1600=VERTEX_POINT('',#5305);
#1601=VERTEX_POINT('',#5307);
#1602=VERTEX_POINT('',#5309);
#1603=VERTEX_POINT('',#5313);
#1604=VERTEX_POINT('',#5314);
#1605=VERTEX_POINT('',#5316);
#1606=VERTEX_POINT('',#5318);
#1607=VERTEX_POINT('',#5325);
#1608=VERTEX_POINT('',#5326);
#1609=VERTEX_POINT('',#5328);
#1610=VERTEX_POINT('',#5330);
#1611=VERTEX_POINT('',#5334);
#1612=VERTEX_POINT('',#5335);
#1613=VERTEX_POINT('',#5337);
#1614=VERTEX_POINT('',#5339);
#1615=VERTEX_POINT('',#5346);
#1616=VERTEX_POINT('',#5347);
#1617=VERTEX_POINT('',#5349);
#1618=VERTEX_POINT('',#5351);
#1619=VERTEX_POINT('',#5355);
#1620=VERTEX_POINT('',#5356);
#1621=VERTEX_POINT('',#5358);
#1622=VERTEX_POINT('',#5360);
#1623=VERTEX_POINT('',#5367);
#1624=VERTEX_POINT('',#5368);
#1625=VERTEX_POINT('',#5370);
#1626=VERTEX_POINT('',#5372);
#1627=VERTEX_POINT('',#5376);
#1628=VERTEX_POINT('',#5377);
#1629=VERTEX_POINT('',#5379);
#1630=VERTEX_POINT('',#5381);
#1631=VERTEX_POINT('',#5388);
#1632=VERTEX_POINT('',#5389);
#1633=VERTEX_POINT('',#5391);
#1634=VERTEX_POINT('',#5393);
#1635=VERTEX_POINT('',#5397);
#1636=VERTEX_POINT('',#5398);
#1637=VERTEX_POINT('',#5400);
#1638=VERTEX_POINT('',#5402);
#1639=VERTEX_POINT('',#5409);
#1640=VERTEX_POINT('',#5410);
#1641=VERTEX_POINT('',#5412);
#1642=VERTEX_POINT('',#5414);
#1643=VERTEX_POINT('',#5418);
#1644=VERTEX_POINT('',#5419);
#1645=VERTEX_POINT('',#5421);
#1646=VERTEX_POINT('',#5423);
#1647=VERTEX_POINT('',#5430);
#1648=VERTEX_POINT('',#5431);
#1649=VERTEX_POINT('',#5433);
#1650=VERTEX_POINT('',#5435);
#1651=VERTEX_POINT('',#5439);
#1652=VERTEX_POINT('',#5440);
#1653=VERTEX_POINT('',#5442);
#1654=VERTEX_POINT('',#5444);
#1655=VERTEX_POINT('',#5451);
#1656=VERTEX_POINT('',#5452);
#1657=VERTEX_POINT('',#5454);
#1658=VERTEX_POINT('',#5456);
#1659=VERTEX_POINT('',#5460);
#1660=VERTEX_POINT('',#5461);
#1661=VERTEX_POINT('',#5463);
#1662=VERTEX_POINT('',#5465);
#1663=VERTEX_POINT('',#5472);
#1664=VERTEX_POINT('',#5473);
#1665=VERTEX_POINT('',#5475);
#1666=VERTEX_POINT('',#5477);
#1667=VERTEX_POINT('',#5481);
#1668=VERTEX_POINT('',#5482);
#1669=VERTEX_POINT('',#5484);
#1670=VERTEX_POINT('',#5486);
#1671=VERTEX_POINT('',#5493);
#1672=VERTEX_POINT('',#5494);
#1673=VERTEX_POINT('',#5496);
#1674=VERTEX_POINT('',#5498);
#1675=VERTEX_POINT('',#5502);
#1676=VERTEX_POINT('',#5503);
#1677=VERTEX_POINT('',#5505);
#1678=VERTEX_POINT('',#5507);
#1679=VERTEX_POINT('',#5514);
#1680=VERTEX_POINT('',#5515);
#1681=VERTEX_POINT('',#5517);
#1682=VERTEX_POINT('',#5519);
#1683=VERTEX_POINT('',#5523);
#1684=VERTEX_POINT('',#5524);
#1685=VERTEX_POINT('',#5526);
#1686=VERTEX_POINT('',#5528);
#1687=VERTEX_POINT('',#5535);
#1688=VERTEX_POINT('',#5537);
#1689=VERTEX_POINT('',#5541);
#1690=VERTEX_POINT('',#5543);
#1691=VERTEX_POINT('',#5631);
#1692=VERTEX_POINT('',#5633);
#1693=VERTEX_POINT('',#5637);
#1694=VERTEX_POINT('',#5639);
#1695=EDGE_CURVE('',#1367,#1368,#431,.T.);
#1696=EDGE_CURVE('',#1368,#1369,#432,.T.);
#1697=EDGE_CURVE('',#1370,#1369,#433,.T.);
#1698=EDGE_CURVE('',#1367,#1370,#434,.T.);
#1699=EDGE_CURVE('',#1367,#1371,#27,.T.);
#1700=EDGE_CURVE('',#1372,#1370,#28,.T.);
#1701=EDGE_CURVE('',#1371,#1372,#435,.T.);
#1702=EDGE_CURVE('',#1373,#1371,#436,.T.);
#1703=EDGE_CURVE('',#1374,#1372,#437,.T.);
#1704=EDGE_CURVE('',#1373,#1374,#438,.T.);
#1705=EDGE_CURVE('',#1373,#1375,#29,.T.);
#1706=EDGE_CURVE('',#1376,#1374,#30,.T.);
#1707=EDGE_CURVE('',#1375,#1376,#439,.T.);
#1708=EDGE_CURVE('',#1377,#1375,#440,.T.);
#1709=EDGE_CURVE('',#1378,#1376,#441,.T.);
#1710=EDGE_CURVE('',#1377,#1378,#442,.T.);
#1711=EDGE_CURVE('',#1377,#1379,#31,.T.);
#1712=EDGE_CURVE('',#1380,#1378,#32,.T.);
#1713=EDGE_CURVE('',#1379,#1380,#443,.T.);
#1714=EDGE_CURVE('',#1381,#1379,#444,.T.);
#1715=EDGE_CURVE('',#1382,#1380,#445,.T.);
#1716=EDGE_CURVE('',#1381,#1382,#446,.T.);
#1717=EDGE_CURVE('',#1381,#1368,#33,.T.);
#1718=EDGE_CURVE('',#1369,#1382,#34,.T.);
#1719=EDGE_CURVE('',#1383,#1384,#447,.T.);
#1720=EDGE_CURVE('',#1384,#1385,#448,.T.);
#1721=EDGE_CURVE('',#1385,#1386,#449,.T.);
#1722=EDGE_CURVE('',#1386,#1383,#450,.T.);
#1723=EDGE_CURVE('',#1387,#1384,#451,.T.);
#1724=EDGE_CURVE('',#1388,#1387,#452,.T.);
#1725=EDGE_CURVE('',#1388,#1385,#453,.T.);
#1726=EDGE_CURVE('',#1389,#1388,#454,.T.);
#1727=EDGE_CURVE('',#1389,#1386,#455,.T.);
#1728=EDGE_CURVE('',#1390,#1389,#456,.T.);
#1729=EDGE_CURVE('',#1383,#1390,#457,.T.);
#1730=EDGE_CURVE('',#1387,#1390,#458,.T.);
#1731=EDGE_CURVE('',#1391,#1392,#459,.T.);
#1732=EDGE_CURVE('',#1392,#1393,#460,.T.);
#1733=EDGE_CURVE('',#1394,#1393,#461,.T.);
#1734=EDGE_CURVE('',#1391,#1394,#462,.T.);
#1735=EDGE_CURVE('',#1395,#1391,#463,.T.);
#1736=EDGE_CURVE('',#1396,#1394,#464,.T.);
#1737=EDGE_CURVE('',#1395,#1396,#465,.T.);
#1738=EDGE_CURVE('',#1397,#1395,#466,.T.);
#1739=EDGE_CURVE('',#1398,#1396,#467,.T.);
#1740=EDGE_CURVE('',#1397,#1398,#468,.T.);
#1741=EDGE_CURVE('',#1392,#1397,#469,.T.);
#1742=EDGE_CURVE('',#1393,#1398,#470,.T.);
#1743=EDGE_CURVE('',#1399,#1400,#35,.T.);
#1744=EDGE_CURVE('',#1400,#1401,#471,.T.);
#1745=EDGE_CURVE('',#1401,#1402,#36,.T.);
#1746=EDGE_CURVE('',#1402,#1403,#472,.T.);
#1747=EDGE_CURVE('',#1403,#1404,#37,.T.);
#1748=EDGE_CURVE('',#1404,#1405,#473,.T.);
#1749=EDGE_CURVE('',#1405,#1406,#38,.T.);
#1750=EDGE_CURVE('',#1406,#1399,#474,.T.);
#1751=EDGE_CURVE('',#1407,#1408,#39,.T.);
#1752=EDGE_CURVE('',#1408,#1409,#475,.T.);
#1753=EDGE_CURVE('',#1409,#1410,#40,.T.);
#1754=EDGE_CURVE('',#1410,#1411,#476,.T.);
#1755=EDGE_CURVE('',#1411,#1412,#41,.T.);
#1756=EDGE_CURVE('',#1412,#1413,#477,.T.);
#1757=EDGE_CURVE('',#1413,#1414,#42,.T.);
#1758=EDGE_CURVE('',#1414,#1407,#478,.T.);
#1759=EDGE_CURVE('',#1415,#1416,#479,.T.);
#1760=EDGE_CURVE('',#1415,#1407,#480,.T.);
#1761=EDGE_CURVE('',#1416,#1414,#481,.T.);
#1762=EDGE_CURVE('',#1416,#1417,#43,.T.);
#1763=EDGE_CURVE('',#1417,#1413,#482,.T.);
#1764=EDGE_CURVE('',#1417,#1418,#483,.T.);
#1765=EDGE_CURVE('',#1418,#1412,#484,.T.);
#1766=EDGE_CURVE('',#1418,#1419,#44,.T.);
#1767=EDGE_CURVE('',#1419,#1411,#485,.T.);
#1768=EDGE_CURVE('',#1419,#1420,#486,.T.);
#1769=EDGE_CURVE('',#1420,#1410,#487,.T.);
#1770=EDGE_CURVE('',#1420,#1421,#45,.T.);
#1771=EDGE_CURVE('',#1421,#1409,#488,.T.);
#1772=EDGE_CURVE('',#1421,#1422,#489,.T.);
#1773=EDGE_CURVE('',#1422,#1408,#490,.T.);
#1774=EDGE_CURVE('',#1422,#1415,#46,.T.);
#1775=EDGE_CURVE('',#1423,#1424,#491,.T.);
#1776=EDGE_CURVE('',#1424,#1399,#492,.T.);
#1777=EDGE_CURVE('',#1423,#1406,#493,.T.);
#1778=EDGE_CURVE('',#1423,#1425,#47,.T.);
#1779=EDGE_CURVE('',#1425,#1405,#494,.T.);
#1780=EDGE_CURVE('',#1426,#1425,#495,.T.);
#1781=EDGE_CURVE('',#1426,#1404,#496,.T.);
#1782=EDGE_CURVE('',#1426,#1427,#48,.T.);
#1783=EDGE_CURVE('',#1427,#1403,#497,.T.);
#1784=EDGE_CURVE('',#1428,#1427,#498,.T.);
#1785=EDGE_CURVE('',#1428,#1402,#499,.T.);
#1786=EDGE_CURVE('',#1428,#1429,#49,.T.);
#1787=EDGE_CURVE('',#1429,#1401,#500,.T.);
#1788=EDGE_CURVE('',#1430,#1429,#501,.T.);
#1789=EDGE_CURVE('',#1430,#1400,#502,.T.);
#1790=EDGE_CURVE('',#1430,#1424,#50,.T.);
#1791=EDGE_CURVE('',#1431,#1432,#503,.T.);
#1792=EDGE_CURVE('',#1433,#1432,#504,.T.);
#1793=EDGE_CURVE('',#1433,#1434,#505,.T.);
#1794=EDGE_CURVE('',#1431,#1434,#506,.T.);
#1795=EDGE_CURVE('',#1435,#1431,#507,.T.);
#1796=EDGE_CURVE('',#1435,#1436,#51,.T.);
#1797=EDGE_CURVE('',#1436,#1437,#508,.T.);
#1798=EDGE_CURVE('',#1437,#1431,#52,.T.);
#1799=EDGE_CURVE('',#1438,#1435,#509,.T.);
#1800=EDGE_CURVE('',#1438,#1439,#53,.T.);
#1801=EDGE_CURVE('',#1439,#1436,#510,.T.);
#1802=EDGE_CURVE('',#1432,#1438,#511,.T.);
#1803=EDGE_CURVE('',#1440,#1438,#512,.T.);
#1804=EDGE_CURVE('',#1440,#1433,#513,.T.);
#1805=EDGE_CURVE('',#1434,#1441,#514,.T.);
#1806=EDGE_CURVE('',#1441,#1435,#515,.T.);
#1807=EDGE_CURVE('',#1439,#1442,#516,.T.);
#1808=EDGE_CURVE('',#1442,#1443,#517,.T.);
#1809=EDGE_CURVE('',#1436,#1443,#518,.T.);
#1810=EDGE_CURVE('',#1444,#1439,#519,.T.);
#1811=EDGE_CURVE('',#1444,#1445,#520,.T.);
#1812=EDGE_CURVE('',#1445,#1446,#521,.T.);
#1813=EDGE_CURVE('',#1446,#1447,#522,.T.);
#1814=EDGE_CURVE('',#1447,#1448,#523,.T.);
#1815=EDGE_CURVE('',#1448,#1449,#524,.T.);
#1816=EDGE_CURVE('',#1442,#1449,#525,.T.);
#1817=EDGE_CURVE('',#1437,#1444,#526,.T.);
#1818=EDGE_CURVE('',#1432,#1444,#54,.T.);
#1819=EDGE_CURVE('',#1450,#1437,#527,.T.);
#1820=EDGE_CURVE('',#1445,#1450,#528,.T.);
#1821=EDGE_CURVE('',#1451,#1450,#529,.T.);
#1822=EDGE_CURVE('',#1446,#1451,#530,.T.);
#1823=EDGE_CURVE('',#1452,#1451,#531,.T.);
#1824=EDGE_CURVE('',#1447,#1452,#532,.T.);
#1825=EDGE_CURVE('',#1453,#1452,#533,.T.);
#1826=EDGE_CURVE('',#1448,#1453,#534,.T.);
#1827=EDGE_CURVE('',#1454,#1453,#535,.T.);
#1828=EDGE_CURVE('',#1449,#1454,#536,.T.);
#1829=EDGE_CURVE('',#1443,#1454,#537,.T.);
#1830=EDGE_CURVE('',#1440,#1441,#538,.T.);
#1831=EDGE_CURVE('',#1455,#1456,#539,.T.);
#1832=EDGE_CURVE('',#1457,#1455,#540,.T.);
#1833=EDGE_CURVE('',#1457,#1458,#541,.T.);
#1834=EDGE_CURVE('',#1456,#1458,#542,.T.);
#1835=EDGE_CURVE('',#1459,#1460,#543,.T.);
#1836=EDGE_CURVE('',#1461,#1459,#544,.T.);
#1837=EDGE_CURVE('',#1461,#1462,#545,.T.);
#1838=EDGE_CURVE('',#1460,#1462,#546,.T.);
#1839=EDGE_CURVE('',#1458,#1461,#547,.T.);
#1840=EDGE_CURVE('',#1462,#1457,#548,.T.);
#1841=EDGE_CURVE('',#1463,#1464,#549,.T.);
#1842=EDGE_CURVE('',#1465,#1463,#550,.T.);
#1843=EDGE_CURVE('',#1465,#1466,#551,.T.);
#1844=EDGE_CURVE('',#1464,#1466,#552,.T.);
#1845=EDGE_CURVE('',#1467,#1468,#553,.T.);
#1846=EDGE_CURVE('',#1469,#1467,#554,.T.);
#1847=EDGE_CURVE('',#1469,#1470,#555,.T.);
#1848=EDGE_CURVE('',#1468,#1470,#556,.T.);
#1849=EDGE_CURVE('',#1466,#1469,#557,.T.);
#1850=EDGE_CURVE('',#1470,#1465,#558,.T.);
#1851=EDGE_CURVE('',#1471,#1472,#559,.T.);
#1852=EDGE_CURVE('',#1473,#1471,#560,.T.);
#1853=EDGE_CURVE('',#1473,#1474,#561,.T.);
#1854=EDGE_CURVE('',#1472,#1474,#562,.T.);
#1855=EDGE_CURVE('',#1475,#1476,#563,.T.);
#1856=EDGE_CURVE('',#1477,#1475,#564,.T.);
#1857=EDGE_CURVE('',#1477,#1478,#565,.T.);
#1858=EDGE_CURVE('',#1476,#1478,#566,.T.);
#1859=EDGE_CURVE('',#1474,#1477,#567,.T.);
#1860=EDGE_CURVE('',#1478,#1473,#568,.T.);
#1861=EDGE_CURVE('',#1479,#1480,#569,.T.);
#1862=EDGE_CURVE('',#1481,#1479,#570,.T.);
#1863=EDGE_CURVE('',#1481,#1482,#571,.T.);
#1864=EDGE_CURVE('',#1480,#1482,#572,.T.);
#1865=EDGE_CURVE('',#1483,#1484,#573,.T.);
#1866=EDGE_CURVE('',#1485,#1483,#574,.T.);
#1867=EDGE_CURVE('',#1485,#1486,#575,.T.);
#1868=EDGE_CURVE('',#1484,#1486,#576,.T.);
#1869=EDGE_CURVE('',#1482,#1485,#577,.T.);
#1870=EDGE_CURVE('',#1486,#1481,#578,.T.);
#1871=EDGE_CURVE('',#1487,#1488,#579,.T.);
#1872=EDGE_CURVE('',#1489,#1487,#580,.T.);
#1873=EDGE_CURVE('',#1489,#1490,#581,.T.);
#1874=EDGE_CURVE('',#1488,#1490,#582,.T.);
#1875=EDGE_CURVE('',#1491,#1492,#583,.T.);
#1876=EDGE_CURVE('',#1493,#1491,#584,.T.);
#1877=EDGE_CURVE('',#1493,#1494,#585,.T.);
#1878=EDGE_CURVE('',#1492,#1494,#586,.T.);
#1879=EDGE_CURVE('',#1490,#1493,#587,.T.);
#1880=EDGE_CURVE('',#1494,#1489,#588,.T.);
#1881=EDGE_CURVE('',#1495,#1496,#589,.T.);
#1882=EDGE_CURVE('',#1497,#1495,#590,.T.);
#1883=EDGE_CURVE('',#1497,#1498,#591,.T.);
#1884=EDGE_CURVE('',#1496,#1498,#592,.T.);
#1885=EDGE_CURVE('',#1499,#1500,#593,.T.);
#1886=EDGE_CURVE('',#1501,#1499,#594,.T.);
#1887=EDGE_CURVE('',#1501,#1502,#595,.T.);
#1888=EDGE_CURVE('',#1500,#1502,#596,.T.);
#1889=EDGE_CURVE('',#1498,#1501,#597,.T.);
#1890=EDGE_CURVE('',#1502,#1497,#598,.T.);
#1891=EDGE_CURVE('',#1503,#1504,#599,.T.);
#1892=EDGE_CURVE('',#1505,#1503,#600,.T.);
#1893=EDGE_CURVE('',#1505,#1506,#601,.T.);
#1894=EDGE_CURVE('',#1504,#1506,#602,.T.);
#1895=EDGE_CURVE('',#1507,#1508,#603,.T.);
#1896=EDGE_CURVE('',#1509,#1507,#604,.T.);
#1897=EDGE_CURVE('',#1509,#1510,#605,.T.);
#1898=EDGE_CURVE('',#1508,#1510,#606,.T.);
#1899=EDGE_CURVE('',#1506,#1509,#607,.T.);
#1900=EDGE_CURVE('',#1510,#1505,#608,.T.);
#1901=EDGE_CURVE('',#1511,#1512,#609,.T.);
#1902=EDGE_CURVE('',#1513,#1511,#610,.T.);
#1903=EDGE_CURVE('',#1513,#1514,#611,.T.);
#1904=EDGE_CURVE('',#1512,#1514,#612,.T.);
#1905=EDGE_CURVE('',#1515,#1516,#613,.T.);
#1906=EDGE_CURVE('',#1517,#1515,#614,.T.);
#1907=EDGE_CURVE('',#1517,#1518,#615,.T.);
#1908=EDGE_CURVE('',#1516,#1518,#616,.T.);
#1909=EDGE_CURVE('',#1514,#1517,#617,.T.);
#1910=EDGE_CURVE('',#1518,#1513,#618,.T.);
#1911=EDGE_CURVE('',#1519,#1520,#619,.T.);
#1912=EDGE_CURVE('',#1521,#1519,#620,.T.);
#1913=EDGE_CURVE('',#1521,#1522,#621,.T.);
#1914=EDGE_CURVE('',#1520,#1522,#622,.T.);
#1915=EDGE_CURVE('',#1523,#1524,#623,.T.);
#1916=EDGE_CURVE('',#1525,#1523,#624,.T.);
#1917=EDGE_CURVE('',#1525,#1526,#625,.T.);
#1918=EDGE_CURVE('',#1524,#1526,#626,.T.);
#1919=EDGE_CURVE('',#1522,#1525,#627,.T.);
#1920=EDGE_CURVE('',#1526,#1521,#628,.T.);
#1921=EDGE_CURVE('',#1527,#1528,#629,.T.);
#1922=EDGE_CURVE('',#1529,#1527,#630,.T.);
#1923=EDGE_CURVE('',#1529,#1530,#631,.T.);
#1924=EDGE_CURVE('',#1528,#1530,#632,.T.);
#1925=EDGE_CURVE('',#1531,#1532,#633,.T.);
#1926=EDGE_CURVE('',#1533,#1531,#634,.T.);
#1927=EDGE_CURVE('',#1533,#1534,#635,.T.);
#1928=EDGE_CURVE('',#1532,#1534,#636,.T.);
#1929=EDGE_CURVE('',#1530,#1533,#637,.T.);
#1930=EDGE_CURVE('',#1534,#1529,#638,.T.);
#1931=EDGE_CURVE('',#1535,#1536,#639,.T.);
#1932=EDGE_CURVE('',#1537,#1535,#640,.T.);
#1933=EDGE_CURVE('',#1537,#1538,#641,.T.);
#1934=EDGE_CURVE('',#1536,#1538,#642,.T.);
#1935=EDGE_CURVE('',#1539,#1540,#643,.T.);
#1936=EDGE_CURVE('',#1541,#1539,#644,.T.);
#1937=EDGE_CURVE('',#1541,#1542,#645,.T.);
#1938=EDGE_CURVE('',#1540,#1542,#646,.T.);
#1939=EDGE_CURVE('',#1538,#1541,#647,.T.);
#1940=EDGE_CURVE('',#1542,#1537,#648,.T.);
#1941=EDGE_CURVE('',#1543,#1544,#649,.T.);
#1942=EDGE_CURVE('',#1545,#1543,#650,.T.);
#1943=EDGE_CURVE('',#1545,#1546,#651,.T.);
#1944=EDGE_CURVE('',#1544,#1546,#652,.T.);
#1945=EDGE_CURVE('',#1547,#1548,#653,.T.);
#1946=EDGE_CURVE('',#1549,#1547,#654,.T.);
#1947=EDGE_CURVE('',#1549,#1550,#655,.T.);
#1948=EDGE_CURVE('',#1548,#1550,#656,.T.);
#1949=EDGE_CURVE('',#1546,#1549,#657,.T.);
#1950=EDGE_CURVE('',#1550,#1545,#658,.T.);
#1951=EDGE_CURVE('',#1551,#1552,#659,.T.);
#1952=EDGE_CURVE('',#1553,#1551,#660,.T.);
#1953=EDGE_CURVE('',#1553,#1554,#661,.T.);
#1954=EDGE_CURVE('',#1552,#1554,#662,.T.);
#1955=EDGE_CURVE('',#1555,#1556,#663,.T.);
#1956=EDGE_CURVE('',#1557,#1555,#664,.T.);
#1957=EDGE_CURVE('',#1557,#1558,#665,.T.);
#1958=EDGE_CURVE('',#1556,#1558,#666,.T.);
#1959=EDGE_CURVE('',#1554,#1557,#667,.T.);
#1960=EDGE_CURVE('',#1558,#1553,#668,.T.);
#1961=EDGE_CURVE('',#1559,#1560,#669,.T.);
#1962=EDGE_CURVE('',#1561,#1559,#670,.T.);
#1963=EDGE_CURVE('',#1561,#1562,#671,.T.);
#1964=EDGE_CURVE('',#1560,#1562,#672,.T.);
#1965=EDGE_CURVE('',#1563,#1564,#673,.T.);
#1966=EDGE_CURVE('',#1565,#1563,#674,.T.);
#1967=EDGE_CURVE('',#1565,#1566,#675,.T.);
#1968=EDGE_CURVE('',#1564,#1566,#676,.T.);
#1969=EDGE_CURVE('',#1562,#1565,#677,.T.);
#1970=EDGE_CURVE('',#1566,#1561,#678,.T.);
#1971=EDGE_CURVE('',#1567,#1568,#679,.T.);
#1972=EDGE_CURVE('',#1569,#1567,#680,.T.);
#1973=EDGE_CURVE('',#1569,#1570,#681,.T.);
#1974=EDGE_CURVE('',#1568,#1570,#682,.T.);
#1975=EDGE_CURVE('',#1571,#1572,#683,.T.);
#1976=EDGE_CURVE('',#1573,#1571,#684,.T.);
#1977=EDGE_CURVE('',#1573,#1574,#685,.T.);
#1978=EDGE_CURVE('',#1572,#1574,#686,.T.);
#1979=EDGE_CURVE('',#1570,#1573,#687,.T.);
#1980=EDGE_CURVE('',#1574,#1569,#688,.T.);
#1981=EDGE_CURVE('',#1575,#1576,#689,.T.);
#1982=EDGE_CURVE('',#1577,#1575,#690,.T.);
#1983=EDGE_CURVE('',#1577,#1578,#691,.T.);
#1984=EDGE_CURVE('',#1576,#1578,#692,.T.);
#1985=EDGE_CURVE('',#1579,#1580,#693,.T.);
#1986=EDGE_CURVE('',#1581,#1579,#694,.T.);
#1987=EDGE_CURVE('',#1581,#1582,#695,.T.);
#1988=EDGE_CURVE('',#1580,#1582,#696,.T.);
#1989=EDGE_CURVE('',#1578,#1581,#697,.T.);
#1990=EDGE_CURVE('',#1582,#1577,#698,.T.);
#1991=EDGE_CURVE('',#1583,#1584,#699,.T.);
#1992=EDGE_CURVE('',#1585,#1583,#700,.T.);
#1993=EDGE_CURVE('',#1585,#1586,#701,.T.);
#1994=EDGE_CURVE('',#1584,#1586,#702,.T.);
#1995=EDGE_CURVE('',#1587,#1588,#703,.T.);
#1996=EDGE_CURVE('',#1589,#1587,#704,.T.);
#1997=EDGE_CURVE('',#1589,#1590,#705,.T.);
#1998=EDGE_CURVE('',#1588,#1590,#706,.T.);
#1999=EDGE_CURVE('',#1586,#1589,#707,.T.);
#2000=EDGE_CURVE('',#1590,#1585,#708,.T.);
#2001=EDGE_CURVE('',#1591,#1592,#709,.T.);
#2002=EDGE_CURVE('',#1593,#1591,#710,.T.);
#2003=EDGE_CURVE('',#1593,#1594,#711,.T.);
#2004=EDGE_CURVE('',#1592,#1594,#712,.T.);
#2005=EDGE_CURVE('',#1595,#1596,#713,.T.);
#2006=EDGE_CURVE('',#1597,#1595,#714,.T.);
#2007=EDGE_CURVE('',#1597,#1598,#715,.T.);
#2008=EDGE_CURVE('',#1596,#1598,#716,.T.);
#2009=EDGE_CURVE('',#1594,#1597,#717,.T.);
#2010=EDGE_CURVE('',#1598,#1593,#718,.T.);
#2011=EDGE_CURVE('',#1599,#1600,#719,.T.);
#2012=EDGE_CURVE('',#1601,#1599,#720,.T.);
#2013=EDGE_CURVE('',#1601,#1602,#721,.T.);
#2014=EDGE_CURVE('',#1600,#1602,#722,.T.);
#2015=EDGE_CURVE('',#1603,#1604,#723,.T.);
#2016=EDGE_CURVE('',#1605,#1603,#724,.T.);
#2017=EDGE_CURVE('',#1605,#1606,#725,.T.);
#2018=EDGE_CURVE('',#1604,#1606,#726,.T.);
#2019=EDGE_CURVE('',#1602,#1605,#727,.T.);
#2020=EDGE_CURVE('',#1606,#1601,#728,.T.);
#2021=EDGE_CURVE('',#1607,#1608,#729,.T.);
#2022=EDGE_CURVE('',#1609,#1607,#730,.T.);
#2023=EDGE_CURVE('',#1609,#1610,#731,.T.);
#2024=EDGE_CURVE('',#1608,#1610,#732,.T.);
#2025=EDGE_CURVE('',#1611,#1612,#733,.T.);
#2026=EDGE_CURVE('',#1613,#1611,#734,.T.);
#2027=EDGE_CURVE('',#1613,#1614,#735,.T.);
#2028=EDGE_CURVE('',#1612,#1614,#736,.T.);
#2029=EDGE_CURVE('',#1610,#1613,#737,.T.);
#2030=EDGE_CURVE('',#1614,#1609,#738,.T.);
#2031=EDGE_CURVE('',#1615,#1616,#739,.T.);
#2032=EDGE_CURVE('',#1617,#1615,#740,.T.);
#2033=EDGE_CURVE('',#1617,#1618,#741,.T.);
#2034=EDGE_CURVE('',#1616,#1618,#742,.T.);
#2035=EDGE_CURVE('',#1619,#1620,#743,.T.);
#2036=EDGE_CURVE('',#1621,#1619,#744,.T.);
#2037=EDGE_CURVE('',#1621,#1622,#745,.T.);
#2038=EDGE_CURVE('',#1620,#1622,#746,.T.);
#2039=EDGE_CURVE('',#1618,#1621,#747,.T.);
#2040=EDGE_CURVE('',#1622,#1617,#748,.T.);
#2041=EDGE_CURVE('',#1623,#1624,#749,.T.);
#2042=EDGE_CURVE('',#1625,#1623,#750,.T.);
#2043=EDGE_CURVE('',#1625,#1626,#751,.T.);
#2044=EDGE_CURVE('',#1624,#1626,#752,.T.);
#2045=EDGE_CURVE('',#1627,#1628,#753,.T.);
#2046=EDGE_CURVE('',#1629,#1627,#754,.T.);
#2047=EDGE_CURVE('',#1629,#1630,#755,.T.);
#2048=EDGE_CURVE('',#1628,#1630,#756,.T.);
#2049=EDGE_CURVE('',#1626,#1629,#757,.T.);
#2050=EDGE_CURVE('',#1630,#1625,#758,.T.);
#2051=EDGE_CURVE('',#1631,#1632,#759,.T.);
#2052=EDGE_CURVE('',#1633,#1631,#760,.T.);
#2053=EDGE_CURVE('',#1633,#1634,#761,.T.);
#2054=EDGE_CURVE('',#1632,#1634,#762,.T.);
#2055=EDGE_CURVE('',#1635,#1636,#763,.T.);
#2056=EDGE_CURVE('',#1637,#1635,#764,.T.);
#2057=EDGE_CURVE('',#1637,#1638,#765,.T.);
#2058=EDGE_CURVE('',#1636,#1638,#766,.T.);
#2059=EDGE_CURVE('',#1634,#1637,#767,.T.);
#2060=EDGE_CURVE('',#1638,#1633,#768,.T.);
#2061=EDGE_CURVE('',#1639,#1640,#769,.T.);
#2062=EDGE_CURVE('',#1641,#1639,#770,.T.);
#2063=EDGE_CURVE('',#1641,#1642,#771,.T.);
#2064=EDGE_CURVE('',#1640,#1642,#772,.T.);
#2065=EDGE_CURVE('',#1643,#1644,#773,.T.);
#2066=EDGE_CURVE('',#1645,#1643,#774,.T.);
#2067=EDGE_CURVE('',#1645,#1646,#775,.T.);
#2068=EDGE_CURVE('',#1644,#1646,#776,.T.);
#2069=EDGE_CURVE('',#1642,#1645,#777,.T.);
#2070=EDGE_CURVE('',#1646,#1641,#778,.T.);
#2071=EDGE_CURVE('',#1647,#1648,#779,.T.);
#2072=EDGE_CURVE('',#1649,#1647,#780,.T.);
#2073=EDGE_CURVE('',#1649,#1650,#781,.T.);
#2074=EDGE_CURVE('',#1648,#1650,#782,.T.);
#2075=EDGE_CURVE('',#1651,#1652,#783,.T.);
#2076=EDGE_CURVE('',#1653,#1651,#784,.T.);
#2077=EDGE_CURVE('',#1653,#1654,#785,.T.);
#2078=EDGE_CURVE('',#1652,#1654,#786,.T.);
#2079=EDGE_CURVE('',#1650,#1653,#787,.T.);
#2080=EDGE_CURVE('',#1654,#1649,#788,.T.);
#2081=EDGE_CURVE('',#1655,#1656,#789,.T.);
#2082=EDGE_CURVE('',#1657,#1655,#790,.T.);
#2083=EDGE_CURVE('',#1657,#1658,#791,.T.);
#2084=EDGE_CURVE('',#1656,#1658,#792,.T.);
#2085=EDGE_CURVE('',#1659,#1660,#793,.T.);
#2086=EDGE_CURVE('',#1661,#1659,#794,.T.);
#2087=EDGE_CURVE('',#1661,#1662,#795,.T.);
#2088=EDGE_CURVE('',#1660,#1662,#796,.T.);
#2089=EDGE_CURVE('',#1658,#1661,#797,.T.);
#2090=EDGE_CURVE('',#1662,#1657,#798,.T.);
#2091=EDGE_CURVE('',#1663,#1664,#799,.T.);
#2092=EDGE_CURVE('',#1665,#1663,#800,.T.);
#2093=EDGE_CURVE('',#1665,#1666,#801,.T.);
#2094=EDGE_CURVE('',#1664,#1666,#802,.T.);
#2095=EDGE_CURVE('',#1667,#1668,#803,.T.);
#2096=EDGE_CURVE('',#1669,#1667,#804,.T.);
#2097=EDGE_CURVE('',#1669,#1670,#805,.T.);
#2098=EDGE_CURVE('',#1668,#1670,#806,.T.);
#2099=EDGE_CURVE('',#1666,#1669,#807,.T.);
#2100=EDGE_CURVE('',#1670,#1665,#808,.T.);
#2101=EDGE_CURVE('',#1671,#1672,#809,.T.);
#2102=EDGE_CURVE('',#1673,#1671,#810,.T.);
#2103=EDGE_CURVE('',#1673,#1674,#811,.T.);
#2104=EDGE_CURVE('',#1672,#1674,#812,.T.);
#2105=EDGE_CURVE('',#1675,#1676,#813,.T.);
#2106=EDGE_CURVE('',#1677,#1675,#814,.T.);
#2107=EDGE_CURVE('',#1677,#1678,#815,.T.);
#2108=EDGE_CURVE('',#1676,#1678,#816,.T.);
#2109=EDGE_CURVE('',#1674,#1677,#817,.T.);
#2110=EDGE_CURVE('',#1678,#1673,#818,.T.);
#2111=EDGE_CURVE('',#1679,#1680,#819,.T.);
#2112=EDGE_CURVE('',#1681,#1679,#820,.T.);
#2113=EDGE_CURVE('',#1681,#1682,#821,.T.);
#2114=EDGE_CURVE('',#1680,#1682,#822,.T.);
#2115=EDGE_CURVE('',#1683,#1684,#823,.T.);
#2116=EDGE_CURVE('',#1685,#1683,#824,.T.);
#2117=EDGE_CURVE('',#1685,#1686,#825,.T.);
#2118=EDGE_CURVE('',#1684,#1686,#826,.T.);
#2119=EDGE_CURVE('',#1682,#1685,#827,.T.);
#2120=EDGE_CURVE('',#1686,#1681,#828,.T.);
#2121=EDGE_CURVE('',#1684,#1687,#829,.T.);
#2122=EDGE_CURVE('',#1687,#1688,#830,.T.);
#2123=EDGE_CURVE('',#1688,#1683,#831,.T.);
#2124=EDGE_CURVE('',#1628,#1689,#832,.T.);
#2125=EDGE_CURVE('',#1689,#1690,#833,.T.);
#2126=EDGE_CURVE('',#1690,#1627,#834,.T.);
#2127=EDGE_CURVE('',#1616,#1635,#835,.T.);
#2128=EDGE_CURVE('',#1636,#1615,#836,.T.);
#2129=EDGE_CURVE('',#1608,#1643,#837,.T.);
#2130=EDGE_CURVE('',#1644,#1607,#838,.T.);
#2131=EDGE_CURVE('',#1600,#1651,#839,.T.);
#2132=EDGE_CURVE('',#1652,#1599,#840,.T.);
#2133=EDGE_CURVE('',#1592,#1659,#841,.T.);
#2134=EDGE_CURVE('',#1660,#1591,#842,.T.);
#2135=EDGE_CURVE('',#1584,#1667,#843,.T.);
#2136=EDGE_CURVE('',#1668,#1583,#844,.T.);
#2137=EDGE_CURVE('',#1576,#1675,#845,.T.);
#2138=EDGE_CURVE('',#1676,#1575,#846,.T.);
#2139=EDGE_CURVE('',#1568,#1679,#847,.T.);
#2140=EDGE_CURVE('',#1680,#1567,#848,.T.);
#2141=EDGE_CURVE('',#1564,#1671,#849,.T.);
#2142=EDGE_CURVE('',#1672,#1563,#850,.T.);
#2143=EDGE_CURVE('',#1556,#1663,#851,.T.);
#2144=EDGE_CURVE('',#1664,#1555,#852,.T.);
#2145=EDGE_CURVE('',#1548,#1655,#853,.T.);
#2146=EDGE_CURVE('',#1656,#1547,#854,.T.);
#2147=EDGE_CURVE('',#1540,#1647,#855,.T.);
#2148=EDGE_CURVE('',#1648,#1539,#856,.T.);
#2149=EDGE_CURVE('',#1532,#1639,#857,.T.);
#2150=EDGE_CURVE('',#1640,#1531,#858,.T.);
#2151=EDGE_CURVE('',#1524,#1631,#859,.T.);
#2152=EDGE_CURVE('',#1632,#1523,#860,.T.);
#2153=EDGE_CURVE('',#1516,#1623,#861,.T.);
#2154=EDGE_CURVE('',#1624,#1515,#862,.T.);
#2155=EDGE_CURVE('',#1508,#1511,#863,.T.);
#2156=EDGE_CURVE('',#1512,#1507,#864,.T.);
#2157=EDGE_CURVE('',#1504,#1619,#865,.T.);
#2158=EDGE_CURVE('',#1620,#1503,#866,.T.);
#2159=EDGE_CURVE('',#1500,#1519,#867,.T.);
#2160=EDGE_CURVE('',#1520,#1499,#868,.T.);
#2161=EDGE_CURVE('',#1496,#1611,#869,.T.);
#2162=EDGE_CURVE('',#1612,#1495,#870,.T.);
#2163=EDGE_CURVE('',#1492,#1527,#871,.T.);
#2164=EDGE_CURVE('',#1528,#1491,#872,.T.);
#2165=EDGE_CURVE('',#1488,#1603,#873,.T.);
#2166=EDGE_CURVE('',#1604,#1487,#874,.T.);
#2167=EDGE_CURVE('',#1484,#1535,#875,.T.);
#2168=EDGE_CURVE('',#1536,#1483,#876,.T.);
#2169=EDGE_CURVE('',#1480,#1595,#877,.T.);
#2170=EDGE_CURVE('',#1596,#1479,#878,.T.);
#2171=EDGE_CURVE('',#1476,#1543,#879,.T.);
#2172=EDGE_CURVE('',#1544,#1475,#880,.T.);
#2173=EDGE_CURVE('',#1472,#1587,#881,.T.);
#2174=EDGE_CURVE('',#1588,#1471,#882,.T.);
#2175=EDGE_CURVE('',#1468,#1551,#883,.T.);
#2176=EDGE_CURVE('',#1552,#1467,#884,.T.);
#2177=EDGE_CURVE('',#1464,#1579,#885,.T.);
#2178=EDGE_CURVE('',#1580,#1463,#886,.T.);
#2179=EDGE_CURVE('',#1460,#1559,#887,.T.);
#2180=EDGE_CURVE('',#1560,#1459,#888,.T.);
#2181=EDGE_CURVE('',#1456,#1571,#889,.T.);
#2182=EDGE_CURVE('',#1572,#1455,#890,.T.);
#2183=EDGE_CURVE('',#1691,#1690,#891,.T.);
#2184=EDGE_CURVE('',#1691,#1692,#892,.T.);
#2185=EDGE_CURVE('',#1692,#1687,#893,.T.);
#2186=EDGE_CURVE('',#1693,#1688,#894,.T.);
#2187=EDGE_CURVE('',#1694,#1693,#895,.T.);
#2188=EDGE_CURVE('',#1694,#1689,#896,.T.);
#2189=EDGE_CURVE('',#1693,#1692,#897,.T.);
#2190=EDGE_CURVE('',#1694,#1691,#898,.T.);
#2191=ORIENTED_EDGE('',*,*,#1695,.T.);
#2192=ORIENTED_EDGE('',*,*,#1696,.T.);
#2193=ORIENTED_EDGE('',*,*,#1697,.F.);
#2194=ORIENTED_EDGE('',*,*,#1698,.F.);
#2195=ORIENTED_EDGE('',*,*,#1699,.F.);
#2196=ORIENTED_EDGE('',*,*,#1698,.T.);
#2197=ORIENTED_EDGE('',*,*,#1700,.F.);
#2198=ORIENTED_EDGE('',*,*,#1701,.F.);
#2199=ORIENTED_EDGE('',*,*,#1702,.T.);
#2200=ORIENTED_EDGE('',*,*,#1701,.T.);
#2201=ORIENTED_EDGE('',*,*,#1703,.F.);
#2202=ORIENTED_EDGE('',*,*,#1704,.F.);
#2203=ORIENTED_EDGE('',*,*,#1705,.F.);
#2204=ORIENTED_EDGE('',*,*,#1704,.T.);
#2205=ORIENTED_EDGE('',*,*,#1706,.F.);
#2206=ORIENTED_EDGE('',*,*,#1707,.F.);
#2207=ORIENTED_EDGE('',*,*,#1708,.T.);
#2208=ORIENTED_EDGE('',*,*,#1707,.T.);
#2209=ORIENTED_EDGE('',*,*,#1709,.F.);
#2210=ORIENTED_EDGE('',*,*,#1710,.F.);
#2211=ORIENTED_EDGE('',*,*,#1711,.F.);
#2212=ORIENTED_EDGE('',*,*,#1710,.T.);
#2213=ORIENTED_EDGE('',*,*,#1712,.F.);
#2214=ORIENTED_EDGE('',*,*,#1713,.F.);
#2215=ORIENTED_EDGE('',*,*,#1714,.T.);
#2216=ORIENTED_EDGE('',*,*,#1713,.T.);
#2217=ORIENTED_EDGE('',*,*,#1715,.F.);
#2218=ORIENTED_EDGE('',*,*,#1716,.F.);
#2219=ORIENTED_EDGE('',*,*,#1717,.F.);
#2220=ORIENTED_EDGE('',*,*,#1716,.T.);
#2221=ORIENTED_EDGE('',*,*,#1718,.F.);
#2222=ORIENTED_EDGE('',*,*,#1696,.F.);
#2223=ORIENTED_EDGE('',*,*,#1717,.T.);
#2224=ORIENTED_EDGE('',*,*,#1695,.F.);
#2225=ORIENTED_EDGE('',*,*,#1699,.T.);
#2226=ORIENTED_EDGE('',*,*,#1702,.F.);
#2227=ORIENTED_EDGE('',*,*,#1705,.T.);
#2228=ORIENTED_EDGE('',*,*,#1708,.F.);
#2229=ORIENTED_EDGE('',*,*,#1711,.T.);
#2230=ORIENTED_EDGE('',*,*,#1714,.F.);
#2231=ORIENTED_EDGE('',*,*,#1718,.T.);
#2232=ORIENTED_EDGE('',*,*,#1715,.T.);
#2233=ORIENTED_EDGE('',*,*,#1712,.T.);
#2234=ORIENTED_EDGE('',*,*,#1709,.T.);
#2235=ORIENTED_EDGE('',*,*,#1706,.T.);
#2236=ORIENTED_EDGE('',*,*,#1703,.T.);
#2237=ORIENTED_EDGE('',*,*,#1700,.T.);
#2238=ORIENTED_EDGE('',*,*,#1697,.T.);
#2239=ORIENTED_EDGE('',*,*,#1719,.T.);
#2240=ORIENTED_EDGE('',*,*,#1720,.T.);
#2241=ORIENTED_EDGE('',*,*,#1721,.T.);
#2242=ORIENTED_EDGE('',*,*,#1722,.T.);
#2243=ORIENTED_EDGE('',*,*,#1723,.F.);
#2244=ORIENTED_EDGE('',*,*,#1724,.F.);
#2245=ORIENTED_EDGE('',*,*,#1725,.T.);
#2246=ORIENTED_EDGE('',*,*,#1720,.F.);
#2247=ORIENTED_EDGE('',*,*,#1725,.F.);
#2248=ORIENTED_EDGE('',*,*,#1726,.F.);
#2249=ORIENTED_EDGE('',*,*,#1727,.T.);
#2250=ORIENTED_EDGE('',*,*,#1721,.F.);
#2251=ORIENTED_EDGE('',*,*,#1727,.F.);
#2252=ORIENTED_EDGE('',*,*,#1728,.F.);
#2253=ORIENTED_EDGE('',*,*,#1729,.F.);
#2254=ORIENTED_EDGE('',*,*,#1722,.F.);
#2255=ORIENTED_EDGE('',*,*,#1729,.T.);
#2256=ORIENTED_EDGE('',*,*,#1730,.F.);
#2257=ORIENTED_EDGE('',*,*,#1723,.T.);
#2258=ORIENTED_EDGE('',*,*,#1719,.F.);
#2259=ORIENTED_EDGE('',*,*,#1730,.T.);
#2260=ORIENTED_EDGE('',*,*,#1728,.T.);
#2261=ORIENTED_EDGE('',*,*,#1726,.T.);
#2262=ORIENTED_EDGE('',*,*,#1724,.T.);
#2263=ORIENTED_EDGE('',*,*,#1731,.T.);
#2264=ORIENTED_EDGE('',*,*,#1732,.T.);
#2265=ORIENTED_EDGE('',*,*,#1733,.F.);
#2266=ORIENTED_EDGE('',*,*,#1734,.F.);
#2267=ORIENTED_EDGE('',*,*,#1735,.T.);
#2268=ORIENTED_EDGE('',*,*,#1734,.T.);
#2269=ORIENTED_EDGE('',*,*,#1736,.F.);
#2270=ORIENTED_EDGE('',*,*,#1737,.F.);
#2271=ORIENTED_EDGE('',*,*,#1738,.T.);
#2272=ORIENTED_EDGE('',*,*,#1737,.T.);
#2273=ORIENTED_EDGE('',*,*,#1739,.F.);
#2274=ORIENTED_EDGE('',*,*,#1740,.F.);
#2275=ORIENTED_EDGE('',*,*,#1741,.T.);
#2276=ORIENTED_EDGE('',*,*,#1740,.T.);
#2277=ORIENTED_EDGE('',*,*,#1742,.F.);
#2278=ORIENTED_EDGE('',*,*,#1732,.F.);
#2279=ORIENTED_EDGE('',*,*,#1741,.F.);
#2280=ORIENTED_EDGE('',*,*,#1731,.F.);
#2281=ORIENTED_EDGE('',*,*,#1735,.F.);
#2282=ORIENTED_EDGE('',*,*,#1738,.F.);
#2283=ORIENTED_EDGE('',*,*,#1742,.T.);
#2284=ORIENTED_EDGE('',*,*,#1739,.T.);
#2285=ORIENTED_EDGE('',*,*,#1736,.T.);
#2286=ORIENTED_EDGE('',*,*,#1733,.T.);
#2287=ORIENTED_EDGE('',*,*,#1743,.T.);
#2288=ORIENTED_EDGE('',*,*,#1744,.T.);
#2289=ORIENTED_EDGE('',*,*,#1745,.T.);
#2290=ORIENTED_EDGE('',*,*,#1746,.T.);
#2291=ORIENTED_EDGE('',*,*,#1747,.T.);
#2292=ORIENTED_EDGE('',*,*,#1748,.T.);
#2293=ORIENTED_EDGE('',*,*,#1749,.T.);
#2294=ORIENTED_EDGE('',*,*,#1750,.T.);
#2295=ORIENTED_EDGE('',*,*,#1751,.T.);
#2296=ORIENTED_EDGE('',*,*,#1752,.T.);
#2297=ORIENTED_EDGE('',*,*,#1753,.T.);
#2298=ORIENTED_EDGE('',*,*,#1754,.T.);
#2299=ORIENTED_EDGE('',*,*,#1755,.T.);
#2300=ORIENTED_EDGE('',*,*,#1756,.T.);
#2301=ORIENTED_EDGE('',*,*,#1757,.T.);
#2302=ORIENTED_EDGE('',*,*,#1758,.T.);
#2303=ORIENTED_EDGE('',*,*,#1759,.F.);
#2304=ORIENTED_EDGE('',*,*,#1760,.T.);
#2305=ORIENTED_EDGE('',*,*,#1758,.F.);
#2306=ORIENTED_EDGE('',*,*,#1761,.F.);
#2307=ORIENTED_EDGE('',*,*,#1762,.F.);
#2308=ORIENTED_EDGE('',*,*,#1761,.T.);
#2309=ORIENTED_EDGE('',*,*,#1757,.F.);
#2310=ORIENTED_EDGE('',*,*,#1763,.F.);
#2311=ORIENTED_EDGE('',*,*,#1764,.F.);
#2312=ORIENTED_EDGE('',*,*,#1763,.T.);
#2313=ORIENTED_EDGE('',*,*,#1756,.F.);
#2314=ORIENTED_EDGE('',*,*,#1765,.F.);
#2315=ORIENTED_EDGE('',*,*,#1766,.F.);
#2316=ORIENTED_EDGE('',*,*,#1765,.T.);
#2317=ORIENTED_EDGE('',*,*,#1755,.F.);
#2318=ORIENTED_EDGE('',*,*,#1767,.F.);
#2319=ORIENTED_EDGE('',*,*,#1768,.F.);
#2320=ORIENTED_EDGE('',*,*,#1767,.T.);
#2321=ORIENTED_EDGE('',*,*,#1754,.F.);
#2322=ORIENTED_EDGE('',*,*,#1769,.F.);
#2323=ORIENTED_EDGE('',*,*,#1770,.F.);
#2324=ORIENTED_EDGE('',*,*,#1769,.T.);
#2325=ORIENTED_EDGE('',*,*,#1753,.F.);
#2326=ORIENTED_EDGE('',*,*,#1771,.F.);
#2327=ORIENTED_EDGE('',*,*,#1772,.F.);
#2328=ORIENTED_EDGE('',*,*,#1771,.T.);
#2329=ORIENTED_EDGE('',*,*,#1752,.F.);
#2330=ORIENTED_EDGE('',*,*,#1773,.F.);
#2331=ORIENTED_EDGE('',*,*,#1774,.F.);
#2332=ORIENTED_EDGE('',*,*,#1773,.T.);
#2333=ORIENTED_EDGE('',*,*,#1751,.F.);
#2334=ORIENTED_EDGE('',*,*,#1760,.F.);
#2335=ORIENTED_EDGE('',*,*,#1775,.T.);
#2336=ORIENTED_EDGE('',*,*,#1776,.T.);
#2337=ORIENTED_EDGE('',*,*,#1750,.F.);
#2338=ORIENTED_EDGE('',*,*,#1777,.F.);
#2339=ORIENTED_EDGE('',*,*,#1778,.F.);
#2340=ORIENTED_EDGE('',*,*,#1777,.T.);
#2341=ORIENTED_EDGE('',*,*,#1749,.F.);
#2342=ORIENTED_EDGE('',*,*,#1779,.F.);
#2343=ORIENTED_EDGE('',*,*,#1780,.T.);
#2344=ORIENTED_EDGE('',*,*,#1779,.T.);
#2345=ORIENTED_EDGE('',*,*,#1748,.F.);
#2346=ORIENTED_EDGE('',*,*,#1781,.F.);
#2347=ORIENTED_EDGE('',*,*,#1782,.F.);
#2348=ORIENTED_EDGE('',*,*,#1781,.T.);
#2349=ORIENTED_EDGE('',*,*,#1747,.F.);
#2350=ORIENTED_EDGE('',*,*,#1783,.F.);
#2351=ORIENTED_EDGE('',*,*,#1784,.T.);
#2352=ORIENTED_EDGE('',*,*,#1783,.T.);
#2353=ORIENTED_EDGE('',*,*,#1746,.F.);
#2354=ORIENTED_EDGE('',*,*,#1785,.F.);
#2355=ORIENTED_EDGE('',*,*,#1786,.F.);
#2356=ORIENTED_EDGE('',*,*,#1785,.T.);
#2357=ORIENTED_EDGE('',*,*,#1745,.F.);
#2358=ORIENTED_EDGE('',*,*,#1787,.F.);
#2359=ORIENTED_EDGE('',*,*,#1788,.T.);
#2360=ORIENTED_EDGE('',*,*,#1787,.T.);
#2361=ORIENTED_EDGE('',*,*,#1744,.F.);
#2362=ORIENTED_EDGE('',*,*,#1789,.F.);
#2363=ORIENTED_EDGE('',*,*,#1790,.F.);
#2364=ORIENTED_EDGE('',*,*,#1789,.T.);
#2365=ORIENTED_EDGE('',*,*,#1743,.F.);
#2366=ORIENTED_EDGE('',*,*,#1776,.F.);
#2367=ORIENTED_EDGE('',*,*,#1790,.T.);
#2368=ORIENTED_EDGE('',*,*,#1775,.F.);
#2369=ORIENTED_EDGE('',*,*,#1778,.T.);
#2370=ORIENTED_EDGE('',*,*,#1780,.F.);
#2371=ORIENTED_EDGE('',*,*,#1782,.T.);
#2372=ORIENTED_EDGE('',*,*,#1784,.F.);
#2373=ORIENTED_EDGE('',*,*,#1786,.T.);
#2374=ORIENTED_EDGE('',*,*,#1788,.F.);
#2375=ORIENTED_EDGE('',*,*,#1774,.T.);
#2376=ORIENTED_EDGE('',*,*,#1759,.T.);
#2377=ORIENTED_EDGE('',*,*,#1762,.T.);
#2378=ORIENTED_EDGE('',*,*,#1764,.T.);
#2379=ORIENTED_EDGE('',*,*,#1766,.T.);
#2380=ORIENTED_EDGE('',*,*,#1768,.T.);
#2381=ORIENTED_EDGE('',*,*,#1770,.T.);
#2382=ORIENTED_EDGE('',*,*,#1772,.T.);
#2383=ORIENTED_EDGE('',*,*,#1791,.T.);
#2384=ORIENTED_EDGE('',*,*,#1792,.F.);
#2385=ORIENTED_EDGE('',*,*,#1793,.T.);
#2386=ORIENTED_EDGE('',*,*,#1794,.F.);
#2387=ORIENTED_EDGE('',*,*,#1795,.F.);
#2388=ORIENTED_EDGE('',*,*,#1796,.T.);
#2389=ORIENTED_EDGE('',*,*,#1797,.T.);
#2390=ORIENTED_EDGE('',*,*,#1798,.T.);
#2391=ORIENTED_EDGE('',*,*,#1799,.F.);
#2392=ORIENTED_EDGE('',*,*,#1800,.T.);
#2393=ORIENTED_EDGE('',*,*,#1801,.T.);
#2394=ORIENTED_EDGE('',*,*,#1796,.F.);
#2395=ORIENTED_EDGE('',*,*,#1802,.T.);
#2396=ORIENTED_EDGE('',*,*,#1803,.F.);
#2397=ORIENTED_EDGE('',*,*,#1804,.T.);
#2398=ORIENTED_EDGE('',*,*,#1792,.T.);
#2399=ORIENTED_EDGE('',*,*,#1795,.T.);
#2400=ORIENTED_EDGE('',*,*,#1794,.T.);
#2401=ORIENTED_EDGE('',*,*,#1805,.T.);
#2402=ORIENTED_EDGE('',*,*,#1806,.T.);
#2403=ORIENTED_EDGE('',*,*,#1801,.F.);
#2404=ORIENTED_EDGE('',*,*,#1807,.T.);
#2405=ORIENTED_EDGE('',*,*,#1808,.T.);
#2406=ORIENTED_EDGE('',*,*,#1809,.F.);
#2407=ORIENTED_EDGE('',*,*,#1810,.F.);
#2408=ORIENTED_EDGE('',*,*,#1811,.T.);
#2409=ORIENTED_EDGE('',*,*,#1812,.T.);
#2410=ORIENTED_EDGE('',*,*,#1813,.T.);
#2411=ORIENTED_EDGE('',*,*,#1814,.T.);
#2412=ORIENTED_EDGE('',*,*,#1815,.T.);
#2413=ORIENTED_EDGE('',*,*,#1816,.F.);
#2414=ORIENTED_EDGE('',*,*,#1807,.F.);
#2415=ORIENTED_EDGE('',*,*,#1791,.F.);
#2416=ORIENTED_EDGE('',*,*,#1798,.F.);
#2417=ORIENTED_EDGE('',*,*,#1817,.T.);
#2418=ORIENTED_EDGE('',*,*,#1818,.F.);
#2419=ORIENTED_EDGE('',*,*,#1817,.F.);
#2420=ORIENTED_EDGE('',*,*,#1819,.F.);
#2421=ORIENTED_EDGE('',*,*,#1820,.F.);
#2422=ORIENTED_EDGE('',*,*,#1811,.F.);
#2423=ORIENTED_EDGE('',*,*,#1812,.F.);
#2424=ORIENTED_EDGE('',*,*,#1820,.T.);
#2425=ORIENTED_EDGE('',*,*,#1821,.F.);
#2426=ORIENTED_EDGE('',*,*,#1822,.F.);
#2427=ORIENTED_EDGE('',*,*,#1813,.F.);
#2428=ORIENTED_EDGE('',*,*,#1822,.T.);
#2429=ORIENTED_EDGE('',*,*,#1823,.F.);
#2430=ORIENTED_EDGE('',*,*,#1824,.F.);
#2431=ORIENTED_EDGE('',*,*,#1814,.F.);
#2432=ORIENTED_EDGE('',*,*,#1824,.T.);
#2433=ORIENTED_EDGE('',*,*,#1825,.F.);
#2434=ORIENTED_EDGE('',*,*,#1826,.F.);
#2435=ORIENTED_EDGE('',*,*,#1815,.F.);
#2436=ORIENTED_EDGE('',*,*,#1826,.T.);
#2437=ORIENTED_EDGE('',*,*,#1827,.F.);
#2438=ORIENTED_EDGE('',*,*,#1828,.F.);
#2439=ORIENTED_EDGE('',*,*,#1816,.T.);
#2440=ORIENTED_EDGE('',*,*,#1828,.T.);
#2441=ORIENTED_EDGE('',*,*,#1829,.F.);
#2442=ORIENTED_EDGE('',*,*,#1808,.F.);
#2443=ORIENTED_EDGE('',*,*,#1799,.T.);
#2444=ORIENTED_EDGE('',*,*,#1806,.F.);
#2445=ORIENTED_EDGE('',*,*,#1830,.F.);
#2446=ORIENTED_EDGE('',*,*,#1803,.T.);
#2447=ORIENTED_EDGE('',*,*,#1804,.F.);
#2448=ORIENTED_EDGE('',*,*,#1830,.T.);
#2449=ORIENTED_EDGE('',*,*,#1805,.F.);
#2450=ORIENTED_EDGE('',*,*,#1793,.F.);
#2451=ORIENTED_EDGE('',*,*,#1802,.F.);
#2452=ORIENTED_EDGE('',*,*,#1818,.T.);
#2453=ORIENTED_EDGE('',*,*,#1810,.T.);
#2454=ORIENTED_EDGE('',*,*,#1800,.F.);
#2455=ORIENTED_EDGE('',*,*,#1797,.F.);
#2456=ORIENTED_EDGE('',*,*,#1809,.T.);
#2457=ORIENTED_EDGE('',*,*,#1829,.T.);
#2458=ORIENTED_EDGE('',*,*,#1827,.T.);
#2459=ORIENTED_EDGE('',*,*,#1825,.T.);
#2460=ORIENTED_EDGE('',*,*,#1823,.T.);
#2461=ORIENTED_EDGE('',*,*,#1821,.T.);
#2462=ORIENTED_EDGE('',*,*,#1819,.T.);
#2463=ORIENTED_EDGE('',*,*,#1831,.F.);
#2464=ORIENTED_EDGE('',*,*,#1832,.F.);
#2465=ORIENTED_EDGE('',*,*,#1833,.T.);
#2466=ORIENTED_EDGE('',*,*,#1834,.F.);
#2467=ORIENTED_EDGE('',*,*,#1835,.F.);
#2468=ORIENTED_EDGE('',*,*,#1836,.F.);
#2469=ORIENTED_EDGE('',*,*,#1837,.T.);
#2470=ORIENTED_EDGE('',*,*,#1838,.F.);
#2471=ORIENTED_EDGE('',*,*,#1839,.F.);
#2472=ORIENTED_EDGE('',*,*,#1833,.F.);
#2473=ORIENTED_EDGE('',*,*,#1840,.F.);
#2474=ORIENTED_EDGE('',*,*,#1837,.F.);
#2475=ORIENTED_EDGE('',*,*,#1841,.F.);
#2476=ORIENTED_EDGE('',*,*,#1842,.F.);
#2477=ORIENTED_EDGE('',*,*,#1843,.T.);
#2478=ORIENTED_EDGE('',*,*,#1844,.F.);
#2479=ORIENTED_EDGE('',*,*,#1845,.F.);
#2480=ORIENTED_EDGE('',*,*,#1846,.F.);
#2481=ORIENTED_EDGE('',*,*,#1847,.T.);
#2482=ORIENTED_EDGE('',*,*,#1848,.F.);
#2483=ORIENTED_EDGE('',*,*,#1849,.F.);
#2484=ORIENTED_EDGE('',*,*,#1843,.F.);
#2485=ORIENTED_EDGE('',*,*,#1850,.F.);
#2486=ORIENTED_EDGE('',*,*,#1847,.F.);
#2487=ORIENTED_EDGE('',*,*,#1851,.F.);
#2488=ORIENTED_EDGE('',*,*,#1852,.F.);
#2489=ORIENTED_EDGE('',*,*,#1853,.T.);
#2490=ORIENTED_EDGE('',*,*,#1854,.F.);
#2491=ORIENTED_EDGE('',*,*,#1855,.F.);
#2492=ORIENTED_EDGE('',*,*,#1856,.F.);
#2493=ORIENTED_EDGE('',*,*,#1857,.T.);
#2494=ORIENTED_EDGE('',*,*,#1858,.F.);
#2495=ORIENTED_EDGE('',*,*,#1859,.F.);
#2496=ORIENTED_EDGE('',*,*,#1853,.F.);
#2497=ORIENTED_EDGE('',*,*,#1860,.F.);
#2498=ORIENTED_EDGE('',*,*,#1857,.F.);
#2499=ORIENTED_EDGE('',*,*,#1861,.F.);
#2500=ORIENTED_EDGE('',*,*,#1862,.F.);
#2501=ORIENTED_EDGE('',*,*,#1863,.T.);
#2502=ORIENTED_EDGE('',*,*,#1864,.F.);
#2503=ORIENTED_EDGE('',*,*,#1865,.F.);
#2504=ORIENTED_EDGE('',*,*,#1866,.F.);
#2505=ORIENTED_EDGE('',*,*,#1867,.T.);
#2506=ORIENTED_EDGE('',*,*,#1868,.F.);
#2507=ORIENTED_EDGE('',*,*,#1869,.F.);
#2508=ORIENTED_EDGE('',*,*,#1863,.F.);
#2509=ORIENTED_EDGE('',*,*,#1870,.F.);
#2510=ORIENTED_EDGE('',*,*,#1867,.F.);
#2511=ORIENTED_EDGE('',*,*,#1871,.F.);
#2512=ORIENTED_EDGE('',*,*,#1872,.F.);
#2513=ORIENTED_EDGE('',*,*,#1873,.T.);
#2514=ORIENTED_EDGE('',*,*,#1874,.F.);
#2515=ORIENTED_EDGE('',*,*,#1875,.F.);
#2516=ORIENTED_EDGE('',*,*,#1876,.F.);
#2517=ORIENTED_EDGE('',*,*,#1877,.T.);
#2518=ORIENTED_EDGE('',*,*,#1878,.F.);
#2519=ORIENTED_EDGE('',*,*,#1879,.F.);
#2520=ORIENTED_EDGE('',*,*,#1873,.F.);
#2521=ORIENTED_EDGE('',*,*,#1880,.F.);
#2522=ORIENTED_EDGE('',*,*,#1877,.F.);
#2523=ORIENTED_EDGE('',*,*,#1881,.F.);
#2524=ORIENTED_EDGE('',*,*,#1882,.F.);
#2525=ORIENTED_EDGE('',*,*,#1883,.T.);
#2526=ORIENTED_EDGE('',*,*,#1884,.F.);
#2527=ORIENTED_EDGE('',*,*,#1885,.F.);
#2528=ORIENTED_EDGE('',*,*,#1886,.F.);
#2529=ORIENTED_EDGE('',*,*,#1887,.T.);
#2530=ORIENTED_EDGE('',*,*,#1888,.F.);
#2531=ORIENTED_EDGE('',*,*,#1889,.F.);
#2532=ORIENTED_EDGE('',*,*,#1883,.F.);
#2533=ORIENTED_EDGE('',*,*,#1890,.F.);
#2534=ORIENTED_EDGE('',*,*,#1887,.F.);
#2535=ORIENTED_EDGE('',*,*,#1891,.F.);
#2536=ORIENTED_EDGE('',*,*,#1892,.F.);
#2537=ORIENTED_EDGE('',*,*,#1893,.T.);
#2538=ORIENTED_EDGE('',*,*,#1894,.F.);
#2539=ORIENTED_EDGE('',*,*,#1895,.F.);
#2540=ORIENTED_EDGE('',*,*,#1896,.F.);
#2541=ORIENTED_EDGE('',*,*,#1897,.T.);
#2542=ORIENTED_EDGE('',*,*,#1898,.F.);
#2543=ORIENTED_EDGE('',*,*,#1899,.F.);
#2544=ORIENTED_EDGE('',*,*,#1893,.F.);
#2545=ORIENTED_EDGE('',*,*,#1900,.F.);
#2546=ORIENTED_EDGE('',*,*,#1897,.F.);
#2547=ORIENTED_EDGE('',*,*,#1901,.F.);
#2548=ORIENTED_EDGE('',*,*,#1902,.F.);
#2549=ORIENTED_EDGE('',*,*,#1903,.T.);
#2550=ORIENTED_EDGE('',*,*,#1904,.F.);
#2551=ORIENTED_EDGE('',*,*,#1905,.F.);
#2552=ORIENTED_EDGE('',*,*,#1906,.F.);
#2553=ORIENTED_EDGE('',*,*,#1907,.T.);
#2554=ORIENTED_EDGE('',*,*,#1908,.F.);
#2555=ORIENTED_EDGE('',*,*,#1909,.F.);
#2556=ORIENTED_EDGE('',*,*,#1903,.F.);
#2557=ORIENTED_EDGE('',*,*,#1910,.F.);
#2558=ORIENTED_EDGE('',*,*,#1907,.F.);
#2559=ORIENTED_EDGE('',*,*,#1911,.F.);
#2560=ORIENTED_EDGE('',*,*,#1912,.F.);
#2561=ORIENTED_EDGE('',*,*,#1913,.T.);
#2562=ORIENTED_EDGE('',*,*,#1914,.F.);
#2563=ORIENTED_EDGE('',*,*,#1915,.F.);
#2564=ORIENTED_EDGE('',*,*,#1916,.F.);
#2565=ORIENTED_EDGE('',*,*,#1917,.T.);
#2566=ORIENTED_EDGE('',*,*,#1918,.F.);
#2567=ORIENTED_EDGE('',*,*,#1919,.F.);
#2568=ORIENTED_EDGE('',*,*,#1913,.F.);
#2569=ORIENTED_EDGE('',*,*,#1920,.F.);
#2570=ORIENTED_EDGE('',*,*,#1917,.F.);
#2571=ORIENTED_EDGE('',*,*,#1921,.F.);
#2572=ORIENTED_EDGE('',*,*,#1922,.F.);
#2573=ORIENTED_EDGE('',*,*,#1923,.T.);
#2574=ORIENTED_EDGE('',*,*,#1924,.F.);
#2575=ORIENTED_EDGE('',*,*,#1925,.F.);
#2576=ORIENTED_EDGE('',*,*,#1926,.F.);
#2577=ORIENTED_EDGE('',*,*,#1927,.T.);
#2578=ORIENTED_EDGE('',*,*,#1928,.F.);
#2579=ORIENTED_EDGE('',*,*,#1929,.F.);
#2580=ORIENTED_EDGE('',*,*,#1923,.F.);
#2581=ORIENTED_EDGE('',*,*,#1930,.F.);
#2582=ORIENTED_EDGE('',*,*,#1927,.F.);
#2583=ORIENTED_EDGE('',*,*,#1931,.F.);
#2584=ORIENTED_EDGE('',*,*,#1932,.F.);
#2585=ORIENTED_EDGE('',*,*,#1933,.T.);
#2586=ORIENTED_EDGE('',*,*,#1934,.F.);
#2587=ORIENTED_EDGE('',*,*,#1935,.F.);
#2588=ORIENTED_EDGE('',*,*,#1936,.F.);
#2589=ORIENTED_EDGE('',*,*,#1937,.T.);
#2590=ORIENTED_EDGE('',*,*,#1938,.F.);
#2591=ORIENTED_EDGE('',*,*,#1939,.F.);
#2592=ORIENTED_EDGE('',*,*,#1933,.F.);
#2593=ORIENTED_EDGE('',*,*,#1940,.F.);
#2594=ORIENTED_EDGE('',*,*,#1937,.F.);
#2595=ORIENTED_EDGE('',*,*,#1941,.F.);
#2596=ORIENTED_EDGE('',*,*,#1942,.F.);
#2597=ORIENTED_EDGE('',*,*,#1943,.T.);
#2598=ORIENTED_EDGE('',*,*,#1944,.F.);
#2599=ORIENTED_EDGE('',*,*,#1945,.F.);
#2600=ORIENTED_EDGE('',*,*,#1946,.F.);
#2601=ORIENTED_EDGE('',*,*,#1947,.T.);
#2602=ORIENTED_EDGE('',*,*,#1948,.F.);
#2603=ORIENTED_EDGE('',*,*,#1949,.F.);
#2604=ORIENTED_EDGE('',*,*,#1943,.F.);
#2605=ORIENTED_EDGE('',*,*,#1950,.F.);
#2606=ORIENTED_EDGE('',*,*,#1947,.F.);
#2607=ORIENTED_EDGE('',*,*,#1951,.F.);
#2608=ORIENTED_EDGE('',*,*,#1952,.F.);
#2609=ORIENTED_EDGE('',*,*,#1953,.T.);
#2610=ORIENTED_EDGE('',*,*,#1954,.F.);
#2611=ORIENTED_EDGE('',*,*,#1955,.F.);
#2612=ORIENTED_EDGE('',*,*,#1956,.F.);
#2613=ORIENTED_EDGE('',*,*,#1957,.T.);
#2614=ORIENTED_EDGE('',*,*,#1958,.F.);
#2615=ORIENTED_EDGE('',*,*,#1959,.F.);
#2616=ORIENTED_EDGE('',*,*,#1953,.F.);
#2617=ORIENTED_EDGE('',*,*,#1960,.F.);
#2618=ORIENTED_EDGE('',*,*,#1957,.F.);
#2619=ORIENTED_EDGE('',*,*,#1961,.F.);
#2620=ORIENTED_EDGE('',*,*,#1962,.F.);
#2621=ORIENTED_EDGE('',*,*,#1963,.T.);
#2622=ORIENTED_EDGE('',*,*,#1964,.F.);
#2623=ORIENTED_EDGE('',*,*,#1965,.F.);
#2624=ORIENTED_EDGE('',*,*,#1966,.F.);
#2625=ORIENTED_EDGE('',*,*,#1967,.T.);
#2626=ORIENTED_EDGE('',*,*,#1968,.F.);
#2627=ORIENTED_EDGE('',*,*,#1969,.F.);
#2628=ORIENTED_EDGE('',*,*,#1963,.F.);
#2629=ORIENTED_EDGE('',*,*,#1970,.F.);
#2630=ORIENTED_EDGE('',*,*,#1967,.F.);
#2631=ORIENTED_EDGE('',*,*,#1971,.F.);
#2632=ORIENTED_EDGE('',*,*,#1972,.F.);
#2633=ORIENTED_EDGE('',*,*,#1973,.T.);
#2634=ORIENTED_EDGE('',*,*,#1974,.F.);
#2635=ORIENTED_EDGE('',*,*,#1975,.F.);
#2636=ORIENTED_EDGE('',*,*,#1976,.F.);
#2637=ORIENTED_EDGE('',*,*,#1977,.T.);
#2638=ORIENTED_EDGE('',*,*,#1978,.F.);
#2639=ORIENTED_EDGE('',*,*,#1979,.F.);
#2640=ORIENTED_EDGE('',*,*,#1973,.F.);
#2641=ORIENTED_EDGE('',*,*,#1980,.F.);
#2642=ORIENTED_EDGE('',*,*,#1977,.F.);
#2643=ORIENTED_EDGE('',*,*,#1981,.F.);
#2644=ORIENTED_EDGE('',*,*,#1982,.F.);
#2645=ORIENTED_EDGE('',*,*,#1983,.T.);
#2646=ORIENTED_EDGE('',*,*,#1984,.F.);
#2647=ORIENTED_EDGE('',*,*,#1985,.F.);
#2648=ORIENTED_EDGE('',*,*,#1986,.F.);
#2649=ORIENTED_EDGE('',*,*,#1987,.T.);
#2650=ORIENTED_EDGE('',*,*,#1988,.F.);
#2651=ORIENTED_EDGE('',*,*,#1989,.F.);
#2652=ORIENTED_EDGE('',*,*,#1983,.F.);
#2653=ORIENTED_EDGE('',*,*,#1990,.F.);
#2654=ORIENTED_EDGE('',*,*,#1987,.F.);
#2655=ORIENTED_EDGE('',*,*,#1991,.F.);
#2656=ORIENTED_EDGE('',*,*,#1992,.F.);
#2657=ORIENTED_EDGE('',*,*,#1993,.T.);
#2658=ORIENTED_EDGE('',*,*,#1994,.F.);
#2659=ORIENTED_EDGE('',*,*,#1995,.F.);
#2660=ORIENTED_EDGE('',*,*,#1996,.F.);
#2661=ORIENTED_EDGE('',*,*,#1997,.T.);
#2662=ORIENTED_EDGE('',*,*,#1998,.F.);
#2663=ORIENTED_EDGE('',*,*,#1999,.F.);
#2664=ORIENTED_EDGE('',*,*,#1993,.F.);
#2665=ORIENTED_EDGE('',*,*,#2000,.F.);
#2666=ORIENTED_EDGE('',*,*,#1997,.F.);
#2667=ORIENTED_EDGE('',*,*,#2001,.F.);
#2668=ORIENTED_EDGE('',*,*,#2002,.F.);
#2669=ORIENTED_EDGE('',*,*,#2003,.T.);
#2670=ORIENTED_EDGE('',*,*,#2004,.F.);
#2671=ORIENTED_EDGE('',*,*,#2005,.F.);
#2672=ORIENTED_EDGE('',*,*,#2006,.F.);
#2673=ORIENTED_EDGE('',*,*,#2007,.T.);
#2674=ORIENTED_EDGE('',*,*,#2008,.F.);
#2675=ORIENTED_EDGE('',*,*,#2009,.F.);
#2676=ORIENTED_EDGE('',*,*,#2003,.F.);
#2677=ORIENTED_EDGE('',*,*,#2010,.F.);
#2678=ORIENTED_EDGE('',*,*,#2007,.F.);
#2679=ORIENTED_EDGE('',*,*,#2011,.F.);
#2680=ORIENTED_EDGE('',*,*,#2012,.F.);
#2681=ORIENTED_EDGE('',*,*,#2013,.T.);
#2682=ORIENTED_EDGE('',*,*,#2014,.F.);
#2683=ORIENTED_EDGE('',*,*,#2015,.F.);
#2684=ORIENTED_EDGE('',*,*,#2016,.F.);
#2685=ORIENTED_EDGE('',*,*,#2017,.T.);
#2686=ORIENTED_EDGE('',*,*,#2018,.F.);
#2687=ORIENTED_EDGE('',*,*,#2019,.F.);
#2688=ORIENTED_EDGE('',*,*,#2013,.F.);
#2689=ORIENTED_EDGE('',*,*,#2020,.F.);
#2690=ORIENTED_EDGE('',*,*,#2017,.F.);
#2691=ORIENTED_EDGE('',*,*,#2021,.F.);
#2692=ORIENTED_EDGE('',*,*,#2022,.F.);
#2693=ORIENTED_EDGE('',*,*,#2023,.T.);
#2694=ORIENTED_EDGE('',*,*,#2024,.F.);
#2695=ORIENTED_EDGE('',*,*,#2025,.F.);
#2696=ORIENTED_EDGE('',*,*,#2026,.F.);
#2697=ORIENTED_EDGE('',*,*,#2027,.T.);
#2698=ORIENTED_EDGE('',*,*,#2028,.F.);
#2699=ORIENTED_EDGE('',*,*,#2029,.F.);
#2700=ORIENTED_EDGE('',*,*,#2023,.F.);
#2701=ORIENTED_EDGE('',*,*,#2030,.F.);
#2702=ORIENTED_EDGE('',*,*,#2027,.F.);
#2703=ORIENTED_EDGE('',*,*,#2031,.F.);
#2704=ORIENTED_EDGE('',*,*,#2032,.F.);
#2705=ORIENTED_EDGE('',*,*,#2033,.T.);
#2706=ORIENTED_EDGE('',*,*,#2034,.F.);
#2707=ORIENTED_EDGE('',*,*,#2035,.F.);
#2708=ORIENTED_EDGE('',*,*,#2036,.F.);
#2709=ORIENTED_EDGE('',*,*,#2037,.T.);
#2710=ORIENTED_EDGE('',*,*,#2038,.F.);
#2711=ORIENTED_EDGE('',*,*,#2039,.F.);
#2712=ORIENTED_EDGE('',*,*,#2033,.F.);
#2713=ORIENTED_EDGE('',*,*,#2040,.F.);
#2714=ORIENTED_EDGE('',*,*,#2037,.F.);
#2715=ORIENTED_EDGE('',*,*,#2041,.F.);
#2716=ORIENTED_EDGE('',*,*,#2042,.F.);
#2717=ORIENTED_EDGE('',*,*,#2043,.T.);
#2718=ORIENTED_EDGE('',*,*,#2044,.F.);
#2719=ORIENTED_EDGE('',*,*,#2045,.F.);
#2720=ORIENTED_EDGE('',*,*,#2046,.F.);
#2721=ORIENTED_EDGE('',*,*,#2047,.T.);
#2722=ORIENTED_EDGE('',*,*,#2048,.F.);
#2723=ORIENTED_EDGE('',*,*,#2049,.F.);
#2724=ORIENTED_EDGE('',*,*,#2043,.F.);
#2725=ORIENTED_EDGE('',*,*,#2050,.F.);
#2726=ORIENTED_EDGE('',*,*,#2047,.F.);
#2727=ORIENTED_EDGE('',*,*,#2051,.F.);
#2728=ORIENTED_EDGE('',*,*,#2052,.F.);
#2729=ORIENTED_EDGE('',*,*,#2053,.T.);
#2730=ORIENTED_EDGE('',*,*,#2054,.F.);
#2731=ORIENTED_EDGE('',*,*,#2055,.F.);
#2732=ORIENTED_EDGE('',*,*,#2056,.F.);
#2733=ORIENTED_EDGE('',*,*,#2057,.T.);
#2734=ORIENTED_EDGE('',*,*,#2058,.F.);
#2735=ORIENTED_EDGE('',*,*,#2059,.F.);
#2736=ORIENTED_EDGE('',*,*,#2053,.F.);
#2737=ORIENTED_EDGE('',*,*,#2060,.F.);
#2738=ORIENTED_EDGE('',*,*,#2057,.F.);
#2739=ORIENTED_EDGE('',*,*,#2061,.F.);
#2740=ORIENTED_EDGE('',*,*,#2062,.F.);
#2741=ORIENTED_EDGE('',*,*,#2063,.T.);
#2742=ORIENTED_EDGE('',*,*,#2064,.F.);
#2743=ORIENTED_EDGE('',*,*,#2065,.F.);
#2744=ORIENTED_EDGE('',*,*,#2066,.F.);
#2745=ORIENTED_EDGE('',*,*,#2067,.T.);
#2746=ORIENTED_EDGE('',*,*,#2068,.F.);
#2747=ORIENTED_EDGE('',*,*,#2069,.F.);
#2748=ORIENTED_EDGE('',*,*,#2063,.F.);
#2749=ORIENTED_EDGE('',*,*,#2070,.F.);
#2750=ORIENTED_EDGE('',*,*,#2067,.F.);
#2751=ORIENTED_EDGE('',*,*,#2071,.F.);
#2752=ORIENTED_EDGE('',*,*,#2072,.F.);
#2753=ORIENTED_EDGE('',*,*,#2073,.T.);
#2754=ORIENTED_EDGE('',*,*,#2074,.F.);
#2755=ORIENTED_EDGE('',*,*,#2075,.F.);
#2756=ORIENTED_EDGE('',*,*,#2076,.F.);
#2757=ORIENTED_EDGE('',*,*,#2077,.T.);
#2758=ORIENTED_EDGE('',*,*,#2078,.F.);
#2759=ORIENTED_EDGE('',*,*,#2079,.F.);
#2760=ORIENTED_EDGE('',*,*,#2073,.F.);
#2761=ORIENTED_EDGE('',*,*,#2080,.F.);
#2762=ORIENTED_EDGE('',*,*,#2077,.F.);
#2763=ORIENTED_EDGE('',*,*,#2081,.F.);
#2764=ORIENTED_EDGE('',*,*,#2082,.F.);
#2765=ORIENTED_EDGE('',*,*,#2083,.T.);
#2766=ORIENTED_EDGE('',*,*,#2084,.F.);
#2767=ORIENTED_EDGE('',*,*,#2085,.F.);
#2768=ORIENTED_EDGE('',*,*,#2086,.F.);
#2769=ORIENTED_EDGE('',*,*,#2087,.T.);
#2770=ORIENTED_EDGE('',*,*,#2088,.F.);
#2771=ORIENTED_EDGE('',*,*,#2089,.F.);
#2772=ORIENTED_EDGE('',*,*,#2083,.F.);
#2773=ORIENTED_EDGE('',*,*,#2090,.F.);
#2774=ORIENTED_EDGE('',*,*,#2087,.F.);
#2775=ORIENTED_EDGE('',*,*,#2091,.F.);
#2776=ORIENTED_EDGE('',*,*,#2092,.F.);
#2777=ORIENTED_EDGE('',*,*,#2093,.T.);
#2778=ORIENTED_EDGE('',*,*,#2094,.F.);
#2779=ORIENTED_EDGE('',*,*,#2095,.F.);
#2780=ORIENTED_EDGE('',*,*,#2096,.F.);
#2781=ORIENTED_EDGE('',*,*,#2097,.T.);
#2782=ORIENTED_EDGE('',*,*,#2098,.F.);
#2783=ORIENTED_EDGE('',*,*,#2099,.F.);
#2784=ORIENTED_EDGE('',*,*,#2093,.F.);
#2785=ORIENTED_EDGE('',*,*,#2100,.F.);
#2786=ORIENTED_EDGE('',*,*,#2097,.F.);
#2787=ORIENTED_EDGE('',*,*,#2101,.F.);
#2788=ORIENTED_EDGE('',*,*,#2102,.F.);
#2789=ORIENTED_EDGE('',*,*,#2103,.T.);
#2790=ORIENTED_EDGE('',*,*,#2104,.F.);
#2791=ORIENTED_EDGE('',*,*,#2105,.F.);
#2792=ORIENTED_EDGE('',*,*,#2106,.F.);
#2793=ORIENTED_EDGE('',*,*,#2107,.T.);
#2794=ORIENTED_EDGE('',*,*,#2108,.F.);
#2795=ORIENTED_EDGE('',*,*,#2109,.F.);
#2796=ORIENTED_EDGE('',*,*,#2103,.F.);
#2797=ORIENTED_EDGE('',*,*,#2110,.F.);
#2798=ORIENTED_EDGE('',*,*,#2107,.F.);
#2799=ORIENTED_EDGE('',*,*,#2111,.F.);
#2800=ORIENTED_EDGE('',*,*,#2112,.F.);
#2801=ORIENTED_EDGE('',*,*,#2113,.T.);
#2802=ORIENTED_EDGE('',*,*,#2114,.F.);
#2803=ORIENTED_EDGE('',*,*,#2115,.F.);
#2804=ORIENTED_EDGE('',*,*,#2116,.F.);
#2805=ORIENTED_EDGE('',*,*,#2117,.T.);
#2806=ORIENTED_EDGE('',*,*,#2118,.F.);
#2807=ORIENTED_EDGE('',*,*,#2117,.F.);
#2808=ORIENTED_EDGE('',*,*,#2119,.F.);
#2809=ORIENTED_EDGE('',*,*,#2113,.F.);
#2810=ORIENTED_EDGE('',*,*,#2120,.F.);
#2811=ORIENTED_EDGE('',*,*,#2115,.T.);
#2812=ORIENTED_EDGE('',*,*,#2121,.T.);
#2813=ORIENTED_EDGE('',*,*,#2122,.T.);
#2814=ORIENTED_EDGE('',*,*,#2123,.T.);
#2815=ORIENTED_EDGE('',*,*,#2045,.T.);
#2816=ORIENTED_EDGE('',*,*,#2124,.T.);
#2817=ORIENTED_EDGE('',*,*,#2125,.T.);
#2818=ORIENTED_EDGE('',*,*,#2126,.T.);
#2819=ORIENTED_EDGE('',*,*,#2031,.T.);
#2820=ORIENTED_EDGE('',*,*,#2127,.T.);
#2821=ORIENTED_EDGE('',*,*,#2055,.T.);
#2822=ORIENTED_EDGE('',*,*,#2128,.T.);
#2823=ORIENTED_EDGE('',*,*,#2021,.T.);
#2824=ORIENTED_EDGE('',*,*,#2129,.T.);
#2825=ORIENTED_EDGE('',*,*,#2065,.T.);
#2826=ORIENTED_EDGE('',*,*,#2130,.T.);
#2827=ORIENTED_EDGE('',*,*,#2011,.T.);
#2828=ORIENTED_EDGE('',*,*,#2131,.T.);
#2829=ORIENTED_EDGE('',*,*,#2075,.T.);
#2830=ORIENTED_EDGE('',*,*,#2132,.T.);
#2831=ORIENTED_EDGE('',*,*,#2001,.T.);
#2832=ORIENTED_EDGE('',*,*,#2133,.T.);
#2833=ORIENTED_EDGE('',*,*,#2085,.T.);
#2834=ORIENTED_EDGE('',*,*,#2134,.T.);
#2835=ORIENTED_EDGE('',*,*,#1991,.T.);
#2836=ORIENTED_EDGE('',*,*,#2135,.T.);
#2837=ORIENTED_EDGE('',*,*,#2095,.T.);
#2838=ORIENTED_EDGE('',*,*,#2136,.T.);
#2839=ORIENTED_EDGE('',*,*,#1981,.T.);
#2840=ORIENTED_EDGE('',*,*,#2137,.T.);
#2841=ORIENTED_EDGE('',*,*,#2105,.T.);
#2842=ORIENTED_EDGE('',*,*,#2138,.T.);
#2843=ORIENTED_EDGE('',*,*,#1971,.T.);
#2844=ORIENTED_EDGE('',*,*,#2139,.T.);
#2845=ORIENTED_EDGE('',*,*,#2111,.T.);
#2846=ORIENTED_EDGE('',*,*,#2140,.T.);
#2847=ORIENTED_EDGE('',*,*,#1965,.T.);
#2848=ORIENTED_EDGE('',*,*,#2141,.T.);
#2849=ORIENTED_EDGE('',*,*,#2101,.T.);
#2850=ORIENTED_EDGE('',*,*,#2142,.T.);
#2851=ORIENTED_EDGE('',*,*,#1955,.T.);
#2852=ORIENTED_EDGE('',*,*,#2143,.T.);
#2853=ORIENTED_EDGE('',*,*,#2091,.T.);
#2854=ORIENTED_EDGE('',*,*,#2144,.T.);
#2855=ORIENTED_EDGE('',*,*,#1945,.T.);
#2856=ORIENTED_EDGE('',*,*,#2145,.T.);
#2857=ORIENTED_EDGE('',*,*,#2081,.T.);
#2858=ORIENTED_EDGE('',*,*,#2146,.T.);
#2859=ORIENTED_EDGE('',*,*,#1935,.T.);
#2860=ORIENTED_EDGE('',*,*,#2147,.T.);
#2861=ORIENTED_EDGE('',*,*,#2071,.T.);
#2862=ORIENTED_EDGE('',*,*,#2148,.T.);
#2863=ORIENTED_EDGE('',*,*,#1925,.T.);
#2864=ORIENTED_EDGE('',*,*,#2149,.T.);
#2865=ORIENTED_EDGE('',*,*,#2061,.T.);
#2866=ORIENTED_EDGE('',*,*,#2150,.T.);
#2867=ORIENTED_EDGE('',*,*,#1915,.T.);
#2868=ORIENTED_EDGE('',*,*,#2151,.T.);
#2869=ORIENTED_EDGE('',*,*,#2051,.T.);
#2870=ORIENTED_EDGE('',*,*,#2152,.T.);
#2871=ORIENTED_EDGE('',*,*,#1905,.T.);
#2872=ORIENTED_EDGE('',*,*,#2153,.T.);
#2873=ORIENTED_EDGE('',*,*,#2041,.T.);
#2874=ORIENTED_EDGE('',*,*,#2154,.T.);
#2875=ORIENTED_EDGE('',*,*,#1895,.T.);
#2876=ORIENTED_EDGE('',*,*,#2155,.T.);
#2877=ORIENTED_EDGE('',*,*,#1901,.T.);
#2878=ORIENTED_EDGE('',*,*,#2156,.T.);
#2879=ORIENTED_EDGE('',*,*,#1891,.T.);
#2880=ORIENTED_EDGE('',*,*,#2157,.T.);
#2881=ORIENTED_EDGE('',*,*,#2035,.T.);
#2882=ORIENTED_EDGE('',*,*,#2158,.T.);
#2883=ORIENTED_EDGE('',*,*,#1885,.T.);
#2884=ORIENTED_EDGE('',*,*,#2159,.T.);
#2885=ORIENTED_EDGE('',*,*,#1911,.T.);
#2886=ORIENTED_EDGE('',*,*,#2160,.T.);
#2887=ORIENTED_EDGE('',*,*,#1881,.T.);
#2888=ORIENTED_EDGE('',*,*,#2161,.T.);
#2889=ORIENTED_EDGE('',*,*,#2025,.T.);
#2890=ORIENTED_EDGE('',*,*,#2162,.T.);
#2891=ORIENTED_EDGE('',*,*,#1875,.T.);
#2892=ORIENTED_EDGE('',*,*,#2163,.T.);
#2893=ORIENTED_EDGE('',*,*,#1921,.T.);
#2894=ORIENTED_EDGE('',*,*,#2164,.T.);
#2895=ORIENTED_EDGE('',*,*,#1871,.T.);
#2896=ORIENTED_EDGE('',*,*,#2165,.T.);
#2897=ORIENTED_EDGE('',*,*,#2015,.T.);
#2898=ORIENTED_EDGE('',*,*,#2166,.T.);
#2899=ORIENTED_EDGE('',*,*,#1865,.T.);
#2900=ORIENTED_EDGE('',*,*,#2167,.T.);
#2901=ORIENTED_EDGE('',*,*,#1931,.T.);
#2902=ORIENTED_EDGE('',*,*,#2168,.T.);
#2903=ORIENTED_EDGE('',*,*,#1861,.T.);
#2904=ORIENTED_EDGE('',*,*,#2169,.T.);
#2905=ORIENTED_EDGE('',*,*,#2005,.T.);
#2906=ORIENTED_EDGE('',*,*,#2170,.T.);
#2907=ORIENTED_EDGE('',*,*,#1855,.T.);
#2908=ORIENTED_EDGE('',*,*,#2171,.T.);
#2909=ORIENTED_EDGE('',*,*,#1941,.T.);
#2910=ORIENTED_EDGE('',*,*,#2172,.T.);
#2911=ORIENTED_EDGE('',*,*,#1851,.T.);
#2912=ORIENTED_EDGE('',*,*,#2173,.T.);
#2913=ORIENTED_EDGE('',*,*,#1995,.T.);
#2914=ORIENTED_EDGE('',*,*,#2174,.T.);
#2915=ORIENTED_EDGE('',*,*,#1845,.T.);
#2916=ORIENTED_EDGE('',*,*,#2175,.T.);
#2917=ORIENTED_EDGE('',*,*,#1951,.T.);
#2918=ORIENTED_EDGE('',*,*,#2176,.T.);
#2919=ORIENTED_EDGE('',*,*,#1841,.T.);
#2920=ORIENTED_EDGE('',*,*,#2177,.T.);
#2921=ORIENTED_EDGE('',*,*,#1985,.T.);
#2922=ORIENTED_EDGE('',*,*,#2178,.T.);
#2923=ORIENTED_EDGE('',*,*,#1835,.T.);
#2924=ORIENTED_EDGE('',*,*,#2179,.T.);
#2925=ORIENTED_EDGE('',*,*,#1961,.T.);
#2926=ORIENTED_EDGE('',*,*,#2180,.T.);
#2927=ORIENTED_EDGE('',*,*,#1831,.T.);
#2928=ORIENTED_EDGE('',*,*,#2181,.T.);
#2929=ORIENTED_EDGE('',*,*,#1975,.T.);
#2930=ORIENTED_EDGE('',*,*,#2182,.T.);
#2931=ORIENTED_EDGE('',*,*,#1834,.T.);
#2932=ORIENTED_EDGE('',*,*,#1839,.T.);
#2933=ORIENTED_EDGE('',*,*,#1836,.T.);
#2934=ORIENTED_EDGE('',*,*,#2180,.F.);
#2935=ORIENTED_EDGE('',*,*,#1964,.T.);
#2936=ORIENTED_EDGE('',*,*,#1969,.T.);
#2937=ORIENTED_EDGE('',*,*,#1966,.T.);
#2938=ORIENTED_EDGE('',*,*,#2142,.F.);
#2939=ORIENTED_EDGE('',*,*,#2104,.T.);
#2940=ORIENTED_EDGE('',*,*,#2109,.T.);
#2941=ORIENTED_EDGE('',*,*,#2106,.T.);
#2942=ORIENTED_EDGE('',*,*,#2137,.F.);
#2943=ORIENTED_EDGE('',*,*,#1984,.T.);
#2944=ORIENTED_EDGE('',*,*,#1989,.T.);
#2945=ORIENTED_EDGE('',*,*,#1986,.T.);
#2946=ORIENTED_EDGE('',*,*,#2177,.F.);
#2947=ORIENTED_EDGE('',*,*,#1844,.T.);
#2948=ORIENTED_EDGE('',*,*,#1849,.T.);
#2949=ORIENTED_EDGE('',*,*,#1846,.T.);
#2950=ORIENTED_EDGE('',*,*,#2176,.F.);
#2951=ORIENTED_EDGE('',*,*,#1954,.T.);
#2952=ORIENTED_EDGE('',*,*,#1959,.T.);
#2953=ORIENTED_EDGE('',*,*,#1956,.T.);
#2954=ORIENTED_EDGE('',*,*,#2144,.F.);
#2955=ORIENTED_EDGE('',*,*,#2094,.T.);
#2956=ORIENTED_EDGE('',*,*,#2099,.T.);
#2957=ORIENTED_EDGE('',*,*,#2096,.T.);
#2958=ORIENTED_EDGE('',*,*,#2135,.F.);
#2959=ORIENTED_EDGE('',*,*,#1994,.T.);
#2960=ORIENTED_EDGE('',*,*,#1999,.T.);
#2961=ORIENTED_EDGE('',*,*,#1996,.T.);
#2962=ORIENTED_EDGE('',*,*,#2173,.F.);
#2963=ORIENTED_EDGE('',*,*,#1854,.T.);
#2964=ORIENTED_EDGE('',*,*,#1859,.T.);
#2965=ORIENTED_EDGE('',*,*,#1856,.T.);
#2966=ORIENTED_EDGE('',*,*,#2172,.F.);
#2967=ORIENTED_EDGE('',*,*,#1944,.T.);
#2968=ORIENTED_EDGE('',*,*,#1949,.T.);
#2969=ORIENTED_EDGE('',*,*,#1946,.T.);
#2970=ORIENTED_EDGE('',*,*,#2146,.F.);
#2971=ORIENTED_EDGE('',*,*,#2084,.T.);
#2972=ORIENTED_EDGE('',*,*,#2089,.T.);
#2973=ORIENTED_EDGE('',*,*,#2086,.T.);
#2974=ORIENTED_EDGE('',*,*,#2133,.F.);
#2975=ORIENTED_EDGE('',*,*,#2004,.T.);
#2976=ORIENTED_EDGE('',*,*,#2009,.T.);
#2977=ORIENTED_EDGE('',*,*,#2006,.T.);
#2978=ORIENTED_EDGE('',*,*,#2169,.F.);
#2979=ORIENTED_EDGE('',*,*,#1864,.T.);
#2980=ORIENTED_EDGE('',*,*,#1869,.T.);
#2981=ORIENTED_EDGE('',*,*,#1866,.T.);
#2982=ORIENTED_EDGE('',*,*,#2168,.F.);
#2983=ORIENTED_EDGE('',*,*,#1934,.T.);
#2984=ORIENTED_EDGE('',*,*,#1939,.T.);
#2985=ORIENTED_EDGE('',*,*,#1936,.T.);
#2986=ORIENTED_EDGE('',*,*,#2148,.F.);
#2987=ORIENTED_EDGE('',*,*,#2074,.T.);
#2988=ORIENTED_EDGE('',*,*,#2079,.T.);
#2989=ORIENTED_EDGE('',*,*,#2076,.T.);
#2990=ORIENTED_EDGE('',*,*,#2131,.F.);
#2991=ORIENTED_EDGE('',*,*,#2014,.T.);
#2992=ORIENTED_EDGE('',*,*,#2019,.T.);
#2993=ORIENTED_EDGE('',*,*,#2016,.T.);
#2994=ORIENTED_EDGE('',*,*,#2165,.F.);
#2995=ORIENTED_EDGE('',*,*,#1874,.T.);
#2996=ORIENTED_EDGE('',*,*,#1879,.T.);
#2997=ORIENTED_EDGE('',*,*,#1876,.T.);
#2998=ORIENTED_EDGE('',*,*,#2164,.F.);
#2999=ORIENTED_EDGE('',*,*,#1924,.T.);
#3000=ORIENTED_EDGE('',*,*,#1929,.T.);
#3001=ORIENTED_EDGE('',*,*,#1926,.T.);
#3002=ORIENTED_EDGE('',*,*,#2150,.F.);
#3003=ORIENTED_EDGE('',*,*,#2064,.T.);
#3004=ORIENTED_EDGE('',*,*,#2069,.T.);
#3005=ORIENTED_EDGE('',*,*,#2066,.T.);
#3006=ORIENTED_EDGE('',*,*,#2129,.F.);
#3007=ORIENTED_EDGE('',*,*,#2024,.T.);
#3008=ORIENTED_EDGE('',*,*,#2029,.T.);
#3009=ORIENTED_EDGE('',*,*,#2026,.T.);
#3010=ORIENTED_EDGE('',*,*,#2161,.F.);
#3011=ORIENTED_EDGE('',*,*,#1884,.T.);
#3012=ORIENTED_EDGE('',*,*,#1889,.T.);
#3013=ORIENTED_EDGE('',*,*,#1886,.T.);
#3014=ORIENTED_EDGE('',*,*,#2160,.F.);
#3015=ORIENTED_EDGE('',*,*,#1914,.T.);
#3016=ORIENTED_EDGE('',*,*,#1919,.T.);
#3017=ORIENTED_EDGE('',*,*,#1916,.T.);
#3018=ORIENTED_EDGE('',*,*,#2152,.F.);
#3019=ORIENTED_EDGE('',*,*,#2054,.T.);
#3020=ORIENTED_EDGE('',*,*,#2059,.T.);
#3021=ORIENTED_EDGE('',*,*,#2056,.T.);
#3022=ORIENTED_EDGE('',*,*,#2127,.F.);
#3023=ORIENTED_EDGE('',*,*,#2034,.T.);
#3024=ORIENTED_EDGE('',*,*,#2039,.T.);
#3025=ORIENTED_EDGE('',*,*,#2036,.T.);
#3026=ORIENTED_EDGE('',*,*,#2157,.F.);
#3027=ORIENTED_EDGE('',*,*,#1894,.T.);
#3028=ORIENTED_EDGE('',*,*,#1899,.T.);
#3029=ORIENTED_EDGE('',*,*,#1896,.T.);
#3030=ORIENTED_EDGE('',*,*,#2156,.F.);
#3031=ORIENTED_EDGE('',*,*,#1904,.T.);
#3032=ORIENTED_EDGE('',*,*,#1909,.T.);
#3033=ORIENTED_EDGE('',*,*,#1906,.T.);
#3034=ORIENTED_EDGE('',*,*,#2154,.F.);
#3035=ORIENTED_EDGE('',*,*,#2044,.T.);
#3036=ORIENTED_EDGE('',*,*,#2049,.T.);
#3037=ORIENTED_EDGE('',*,*,#2046,.T.);
#3038=ORIENTED_EDGE('',*,*,#2126,.F.);
#3039=ORIENTED_EDGE('',*,*,#2183,.F.);
#3040=ORIENTED_EDGE('',*,*,#2184,.T.);
#3041=ORIENTED_EDGE('',*,*,#2185,.T.);
#3042=ORIENTED_EDGE('',*,*,#2121,.F.);
#3043=ORIENTED_EDGE('',*,*,#2118,.T.);
#3044=ORIENTED_EDGE('',*,*,#2120,.T.);
#3045=ORIENTED_EDGE('',*,*,#2112,.T.);
#3046=ORIENTED_EDGE('',*,*,#2139,.F.);
#3047=ORIENTED_EDGE('',*,*,#1974,.T.);
#3048=ORIENTED_EDGE('',*,*,#1979,.T.);
#3049=ORIENTED_EDGE('',*,*,#1976,.T.);
#3050=ORIENTED_EDGE('',*,*,#2181,.F.);
#3051=ORIENTED_EDGE('',*,*,#1832,.T.);
#3052=ORIENTED_EDGE('',*,*,#2182,.F.);
#3053=ORIENTED_EDGE('',*,*,#1978,.T.);
#3054=ORIENTED_EDGE('',*,*,#1980,.T.);
#3055=ORIENTED_EDGE('',*,*,#1972,.T.);
#3056=ORIENTED_EDGE('',*,*,#2140,.F.);
#3057=ORIENTED_EDGE('',*,*,#2114,.T.);
#3058=ORIENTED_EDGE('',*,*,#2119,.T.);
#3059=ORIENTED_EDGE('',*,*,#2116,.T.);
#3060=ORIENTED_EDGE('',*,*,#2123,.F.);
#3061=ORIENTED_EDGE('',*,*,#2186,.F.);
#3062=ORIENTED_EDGE('',*,*,#2187,.F.);
#3063=ORIENTED_EDGE('',*,*,#2188,.T.);
#3064=ORIENTED_EDGE('',*,*,#2124,.F.);
#3065=ORIENTED_EDGE('',*,*,#2048,.T.);
#3066=ORIENTED_EDGE('',*,*,#2050,.T.);
#3067=ORIENTED_EDGE('',*,*,#2042,.T.);
#3068=ORIENTED_EDGE('',*,*,#2153,.F.);
#3069=ORIENTED_EDGE('',*,*,#1908,.T.);
#3070=ORIENTED_EDGE('',*,*,#1910,.T.);
#3071=ORIENTED_EDGE('',*,*,#1902,.T.);
#3072=ORIENTED_EDGE('',*,*,#2155,.F.);
#3073=ORIENTED_EDGE('',*,*,#1898,.T.);
#3074=ORIENTED_EDGE('',*,*,#1900,.T.);
#3075=ORIENTED_EDGE('',*,*,#1892,.T.);
#3076=ORIENTED_EDGE('',*,*,#2158,.F.);
#3077=ORIENTED_EDGE('',*,*,#2038,.T.);
#3078=ORIENTED_EDGE('',*,*,#2040,.T.);
#3079=ORIENTED_EDGE('',*,*,#2032,.T.);
#3080=ORIENTED_EDGE('',*,*,#2128,.F.);
#3081=ORIENTED_EDGE('',*,*,#2058,.T.);
#3082=ORIENTED_EDGE('',*,*,#2060,.T.);
#3083=ORIENTED_EDGE('',*,*,#2052,.T.);
#3084=ORIENTED_EDGE('',*,*,#2151,.F.);
#3085=ORIENTED_EDGE('',*,*,#1918,.T.);
#3086=ORIENTED_EDGE('',*,*,#1920,.T.);
#3087=ORIENTED_EDGE('',*,*,#1912,.T.);
#3088=ORIENTED_EDGE('',*,*,#2159,.F.);
#3089=ORIENTED_EDGE('',*,*,#1888,.T.);
#3090=ORIENTED_EDGE('',*,*,#1890,.T.);
#3091=ORIENTED_EDGE('',*,*,#1882,.T.);
#3092=ORIENTED_EDGE('',*,*,#2162,.F.);
#3093=ORIENTED_EDGE('',*,*,#2028,.T.);
#3094=ORIENTED_EDGE('',*,*,#2030,.T.);
#3095=ORIENTED_EDGE('',*,*,#2022,.T.);
#3096=ORIENTED_EDGE('',*,*,#2130,.F.);
#3097=ORIENTED_EDGE('',*,*,#2068,.T.);
#3098=ORIENTED_EDGE('',*,*,#2070,.T.);
#3099=ORIENTED_EDGE('',*,*,#2062,.T.);
#3100=ORIENTED_EDGE('',*,*,#2149,.F.);
#3101=ORIENTED_EDGE('',*,*,#1928,.T.);
#3102=ORIENTED_EDGE('',*,*,#1930,.T.);
#3103=ORIENTED_EDGE('',*,*,#1922,.T.);
#3104=ORIENTED_EDGE('',*,*,#2163,.F.);
#3105=ORIENTED_EDGE('',*,*,#1878,.T.);
#3106=ORIENTED_EDGE('',*,*,#1880,.T.);
#3107=ORIENTED_EDGE('',*,*,#1872,.T.);
#3108=ORIENTED_EDGE('',*,*,#2166,.F.);
#3109=ORIENTED_EDGE('',*,*,#2018,.T.);
#3110=ORIENTED_EDGE('',*,*,#2020,.T.);
#3111=ORIENTED_EDGE('',*,*,#2012,.T.);
#3112=ORIENTED_EDGE('',*,*,#2132,.F.);
#3113=ORIENTED_EDGE('',*,*,#2078,.T.);
#3114=ORIENTED_EDGE('',*,*,#2080,.T.);
#3115=ORIENTED_EDGE('',*,*,#2072,.T.);
#3116=ORIENTED_EDGE('',*,*,#2147,.F.);
#3117=ORIENTED_EDGE('',*,*,#1938,.T.);
#3118=ORIENTED_EDGE('',*,*,#1940,.T.);
#3119=ORIENTED_EDGE('',*,*,#1932,.T.);
#3120=ORIENTED_EDGE('',*,*,#2167,.F.);
#3121=ORIENTED_EDGE('',*,*,#1868,.T.);
#3122=ORIENTED_EDGE('',*,*,#1870,.T.);
#3123=ORIENTED_EDGE('',*,*,#1862,.T.);
#3124=ORIENTED_EDGE('',*,*,#2170,.F.);
#3125=ORIENTED_EDGE('',*,*,#2008,.T.);
#3126=ORIENTED_EDGE('',*,*,#2010,.T.);
#3127=ORIENTED_EDGE('',*,*,#2002,.T.);
#3128=ORIENTED_EDGE('',*,*,#2134,.F.);
#3129=ORIENTED_EDGE('',*,*,#2088,.T.);
#3130=ORIENTED_EDGE('',*,*,#2090,.T.);
#3131=ORIENTED_EDGE('',*,*,#2082,.T.);
#3132=ORIENTED_EDGE('',*,*,#2145,.F.);
#3133=ORIENTED_EDGE('',*,*,#1948,.T.);
#3134=ORIENTED_EDGE('',*,*,#1950,.T.);
#3135=ORIENTED_EDGE('',*,*,#1942,.T.);
#3136=ORIENTED_EDGE('',*,*,#2171,.F.);
#3137=ORIENTED_EDGE('',*,*,#1858,.T.);
#3138=ORIENTED_EDGE('',*,*,#1860,.T.);
#3139=ORIENTED_EDGE('',*,*,#1852,.T.);
#3140=ORIENTED_EDGE('',*,*,#2174,.F.);
#3141=ORIENTED_EDGE('',*,*,#1998,.T.);
#3142=ORIENTED_EDGE('',*,*,#2000,.T.);
#3143=ORIENTED_EDGE('',*,*,#1992,.T.);
#3144=ORIENTED_EDGE('',*,*,#2136,.F.);
#3145=ORIENTED_EDGE('',*,*,#2098,.T.);
#3146=ORIENTED_EDGE('',*,*,#2100,.T.);
#3147=ORIENTED_EDGE('',*,*,#2092,.T.);
#3148=ORIENTED_EDGE('',*,*,#2143,.F.);
#3149=ORIENTED_EDGE('',*,*,#1958,.T.);
#3150=ORIENTED_EDGE('',*,*,#1960,.T.);
#3151=ORIENTED_EDGE('',*,*,#1952,.T.);
#3152=ORIENTED_EDGE('',*,*,#2175,.F.);
#3153=ORIENTED_EDGE('',*,*,#1848,.T.);
#3154=ORIENTED_EDGE('',*,*,#1850,.T.);
#3155=ORIENTED_EDGE('',*,*,#1842,.T.);
#3156=ORIENTED_EDGE('',*,*,#2178,.F.);
#3157=ORIENTED_EDGE('',*,*,#1988,.T.);
#3158=ORIENTED_EDGE('',*,*,#1990,.T.);
#3159=ORIENTED_EDGE('',*,*,#1982,.T.);
#3160=ORIENTED_EDGE('',*,*,#2138,.F.);
#3161=ORIENTED_EDGE('',*,*,#2108,.T.);
#3162=ORIENTED_EDGE('',*,*,#2110,.T.);
#3163=ORIENTED_EDGE('',*,*,#2102,.T.);
#3164=ORIENTED_EDGE('',*,*,#2141,.F.);
#3165=ORIENTED_EDGE('',*,*,#1968,.T.);
#3166=ORIENTED_EDGE('',*,*,#1970,.T.);
#3167=ORIENTED_EDGE('',*,*,#1962,.T.);
#3168=ORIENTED_EDGE('',*,*,#2179,.F.);
#3169=ORIENTED_EDGE('',*,*,#1838,.T.);
#3170=ORIENTED_EDGE('',*,*,#1840,.T.);
#3171=ORIENTED_EDGE('',*,*,#2189,.F.);
#3172=ORIENTED_EDGE('',*,*,#2186,.T.);
#3173=ORIENTED_EDGE('',*,*,#2122,.F.);
#3174=ORIENTED_EDGE('',*,*,#2185,.F.);
#3175=ORIENTED_EDGE('',*,*,#2190,.T.);
#3176=ORIENTED_EDGE('',*,*,#2183,.T.);
#3177=ORIENTED_EDGE('',*,*,#2125,.F.);
#3178=ORIENTED_EDGE('',*,*,#2188,.F.);
#3179=ORIENTED_EDGE('',*,*,#2190,.F.);
#3180=ORIENTED_EDGE('',*,*,#2187,.T.);
#3181=ORIENTED_EDGE('',*,*,#2189,.T.);
#3182=ORIENTED_EDGE('',*,*,#2184,.F.);
#3183=PLANE('',#3548);
#3184=PLANE('',#3552);
#3185=PLANE('',#3556);
#3186=PLANE('',#3560);
#3187=PLANE('',#3564);
#3188=PLANE('',#3565);
#3189=PLANE('',#3566);
#3190=PLANE('',#3567);
#3191=PLANE('',#3568);
#3192=PLANE('',#3569);
#3193=PLANE('',#3570);
#3194=PLANE('',#3571);
#3195=PLANE('',#3572);
#3196=PLANE('',#3573);
#3197=PLANE('',#3574);
#3198=PLANE('',#3575);
#3199=PLANE('',#3576);
#3200=PLANE('',#3577);
#3201=PLANE('',#3578);
#3202=PLANE('',#3587);
#3203=PLANE('',#3590);
#3204=PLANE('',#3593);
#3205=PLANE('',#3596);
#3206=PLANE('',#3599);
#3207=PLANE('',#3602);
#3208=PLANE('',#3605);
#3209=PLANE('',#3608);
#3210=PLANE('',#3611);
#3211=PLANE('',#3612);
#3212=PLANE('',#3616);
#3213=PLANE('',#3618);
#3214=PLANE('',#3619);
#3215=PLANE('',#3620);
#3216=PLANE('',#3621);
#3217=PLANE('',#3622);
#3218=PLANE('',#3624);
#3219=PLANE('',#3625);
#3220=PLANE('',#3626);
#3221=PLANE('',#3627);
#3222=PLANE('',#3628);
#3223=PLANE('',#3629);
#3224=PLANE('',#3630);
#3225=PLANE('',#3631);
#3226=PLANE('',#3633);
#3227=PLANE('',#3634);
#3228=PLANE('',#3635);
#3229=PLANE('',#3636);
#3230=PLANE('',#3637);
#3231=PLANE('',#3638);
#3232=PLANE('',#3639);
#3233=PLANE('',#3640);
#3234=PLANE('',#3641);
#3235=PLANE('',#3642);
#3236=PLANE('',#3643);
#3237=PLANE('',#3644);
#3238=PLANE('',#3645);
#3239=PLANE('',#3646);
#3240=PLANE('',#3647);
#3241=PLANE('',#3648);
#3242=PLANE('',#3649);
#3243=PLANE('',#3650);
#3244=PLANE('',#3651);
#3245=PLANE('',#3652);
#3246=PLANE('',#3653);
#3247=PLANE('',#3654);
#3248=PLANE('',#3655);
#3249=PLANE('',#3656);
#3250=PLANE('',#3657);
#3251=PLANE('',#3658);
#3252=PLANE('',#3659);
#3253=PLANE('',#3660);
#3254=PLANE('',#3661);
#3255=PLANE('',#3662);
#3256=PLANE('',#3663);
#3257=PLANE('',#3664);
#3258=PLANE('',#3665);
#3259=PLANE('',#3666);
#3260=PLANE('',#3667);
#3261=PLANE('',#3668);
#3262=PLANE('',#3669);
#3263=PLANE('',#3670);
#3264=PLANE('',#3671);
#3265=PLANE('',#3672);
#3266=PLANE('',#3673);
#3267=PLANE('',#3674);
#3268=PLANE('',#3675);
#3269=PLANE('',#3676);
#3270=PLANE('',#3677);
#3271=PLANE('',#3678);
#3272=PLANE('',#3679);
#3273=PLANE('',#3680);
#3274=PLANE('',#3681);
#3275=PLANE('',#3682);
#3276=PLANE('',#3683);
#3277=PLANE('',#3684);
#3278=PLANE('',#3685);
#3279=PLANE('',#3686);
#3280=PLANE('',#3687);
#3281=PLANE('',#3688);
#3282=PLANE('',#3689);
#3283=PLANE('',#3690);
#3284=PLANE('',#3691);
#3285=PLANE('',#3692);
#3286=PLANE('',#3693);
#3287=PLANE('',#3694);
#3288=PLANE('',#3695);
#3289=PLANE('',#3696);
#3290=PLANE('',#3697);
#3291=PLANE('',#3698);
#3292=PLANE('',#3699);
#3293=PLANE('',#3700);
#3294=PLANE('',#3701);
#3295=PLANE('',#3702);
#3296=PLANE('',#3703);
#3297=PLANE('',#3704);
#3298=PLANE('',#3705);
#3299=PLANE('',#3706);
#3300=PLANE('',#3707);
#3301=PLANE('',#3708);
#3302=PLANE('',#3709);
#3303=PLANE('',#3710);
#3304=PLANE('',#3711);
#3305=PLANE('',#3712);
#3306=PLANE('',#3713);
#3307=PLANE('',#3714);
#3308=PLANE('',#3715);
#3309=PLANE('',#3716);
#3310=PLANE('',#3717);
#3311=PLANE('',#3718);
#3312=PLANE('',#3719);
#3313=PLANE('',#3720);
#3314=PLANE('',#3721);
#3315=PLANE('',#3722);
#3316=PLANE('',#3723);
#3317=PLANE('',#3724);
#3318=PLANE('',#3725);
#3319=PLANE('',#3726);
#3320=PLANE('',#3727);
#3321=PLANE('',#3728);
#3322=PLANE('',#3729);
#3323=PLANE('',#3730);
#3324=PLANE('',#3731);
#3325=PLANE('',#3732);
#3326=PLANE('',#3733);
#3327=PLANE('',#3734);
#3328=PLANE('',#3735);
#3329=PLANE('',#3736);
#3330=PLANE('',#3737);
#3331=PLANE('',#3738);
#3332=PLANE('',#3739);
#3333=PLANE('',#3740);
#3334=PLANE('',#3741);
#3335=PLANE('',#3742);
#3336=PLANE('',#3743);
#3337=PLANE('',#3744);
#3338=PLANE('',#3745);
#3339=PLANE('',#3746);
#3340=PLANE('',#3747);
#3341=PLANE('',#3748);
#3342=PLANE('',#3749);
#3343=PLANE('',#3750);
#3344=PLANE('',#3751);
#3345=PLANE('',#3752);
#3346=PLANE('',#3753);
#3347=PLANE('',#3754);
#3348=PLANE('',#3755);
#3349=ADVANCED_FACE('',(#69),#3183,.T.);
#3350=ADVANCED_FACE('',(#70),#55,.T.);
#3351=ADVANCED_FACE('',(#71),#3184,.T.);
#3352=ADVANCED_FACE('',(#72),#56,.T.);
#3353=ADVANCED_FACE('',(#73),#3185,.T.);
#3354=ADVANCED_FACE('',(#74),#57,.T.);
#3355=ADVANCED_FACE('',(#75),#3186,.T.);
#3356=ADVANCED_FACE('',(#76),#58,.T.);
#3357=ADVANCED_FACE('',(#77),#3187,.T.);
#3358=ADVANCED_FACE('',(#78),#3188,.F.);
#3359=ADVANCED_FACE('',(#79),#3189,.T.);
#3360=ADVANCED_FACE('',(#80),#3190,.T.);
#3361=ADVANCED_FACE('',(#81),#3191,.T.);
#3362=ADVANCED_FACE('',(#82),#3192,.T.);
#3363=ADVANCED_FACE('',(#83),#3193,.T.);
#3364=ADVANCED_FACE('',(#84),#3194,.T.);
#3365=ADVANCED_FACE('',(#85),#3195,.T.);
#3366=ADVANCED_FACE('',(#86),#3196,.T.);
#3367=ADVANCED_FACE('',(#87),#3197,.T.);
#3368=ADVANCED_FACE('',(#88),#3198,.T.);
#3369=ADVANCED_FACE('',(#89),#3199,.T.);
#3370=ADVANCED_FACE('',(#90),#3200,.T.);
#3371=ADVANCED_FACE('',(#91,#13),#3201,.F.);
#3372=ADVANCED_FACE('',(#92),#3202,.T.);
#3373=ADVANCED_FACE('',(#93),#59,.F.);
#3374=ADVANCED_FACE('',(#94),#3203,.T.);
#3375=ADVANCED_FACE('',(#95),#60,.F.);
#3376=ADVANCED_FACE('',(#96),#3204,.T.);
#3377=ADVANCED_FACE('',(#97),#61,.F.);
#3378=ADVANCED_FACE('',(#98),#3205,.T.);
#3379=ADVANCED_FACE('',(#99),#62,.F.);
#3380=ADVANCED_FACE('',(#100),#3206,.T.);
#3381=ADVANCED_FACE('',(#101),#63,.T.);
#3382=ADVANCED_FACE('',(#102),#3207,.T.);
#3383=ADVANCED_FACE('',(#103),#64,.T.);
#3384=ADVANCED_FACE('',(#104),#3208,.T.);
#3385=ADVANCED_FACE('',(#105),#65,.T.);
#3386=ADVANCED_FACE('',(#106),#3209,.T.);
#3387=ADVANCED_FACE('',(#107),#66,.T.);
#3388=ADVANCED_FACE('',(#108,#14),#3210,.T.);
#3389=ADVANCED_FACE('',(#109),#3211,.T.);
#3390=ADVANCED_FACE('',(#110),#67,.F.);
#3391=ADVANCED_FACE('',(#111),#3212,.T.);
#3392=ADVANCED_FACE('',(#112),#3213,.T.);
#3393=ADVANCED_FACE('',(#113),#3214,.T.);
#3394=ADVANCED_FACE('',(#114),#3215,.T.);
#3395=ADVANCED_FACE('',(#115),#3216,.T.);
#3396=ADVANCED_FACE('',(#116),#3217,.T.);
#3397=ADVANCED_FACE('',(#117),#3218,.T.);
#3398=ADVANCED_FACE('',(#118),#3219,.T.);
#3399=ADVANCED_FACE('',(#119),#3220,.T.);
#3400=ADVANCED_FACE('',(#120),#3221,.T.);
#3401=ADVANCED_FACE('',(#121),#3222,.T.);
#3402=ADVANCED_FACE('',(#122),#3223,.T.);
#3403=ADVANCED_FACE('',(#123),#3224,.T.);
#3404=ADVANCED_FACE('',(#124),#3225,.T.);
#3405=ADVANCED_FACE('',(#125),#68,.T.);
#3406=ADVANCED_FACE('',(#126),#3226,.T.);
#3407=ADVANCED_FACE('',(#127),#3227,.F.);
#3408=ADVANCED_FACE('',(#128),#3228,.F.);
#3409=ADVANCED_FACE('',(#129),#3229,.F.);
#3410=ADVANCED_FACE('',(#130),#3230,.F.);
#3411=ADVANCED_FACE('',(#131),#3231,.F.);
#3412=ADVANCED_FACE('',(#132),#3232,.F.);
#3413=ADVANCED_FACE('',(#133),#3233,.F.);
#3414=ADVANCED_FACE('',(#134),#3234,.F.);
#3415=ADVANCED_FACE('',(#135),#3235,.F.);
#3416=ADVANCED_FACE('',(#136),#3236,.F.);
#3417=ADVANCED_FACE('',(#137),#3237,.F.);
#3418=ADVANCED_FACE('',(#138),#3238,.F.);
#3419=ADVANCED_FACE('',(#139),#3239,.F.);
#3420=ADVANCED_FACE('',(#140),#3240,.F.);
#3421=ADVANCED_FACE('',(#141),#3241,.F.);
#3422=ADVANCED_FACE('',(#142),#3242,.F.);
#3423=ADVANCED_FACE('',(#143),#3243,.F.);
#3424=ADVANCED_FACE('',(#144),#3244,.F.);
#3425=ADVANCED_FACE('',(#145),#3245,.F.);
#3426=ADVANCED_FACE('',(#146),#3246,.F.);
#3427=ADVANCED_FACE('',(#147),#3247,.F.);
#3428=ADVANCED_FACE('',(#148),#3248,.F.);
#3429=ADVANCED_FACE('',(#149),#3249,.F.);
#3430=ADVANCED_FACE('',(#150),#3250,.F.);
#3431=ADVANCED_FACE('',(#151),#3251,.F.);
#3432=ADVANCED_FACE('',(#152),#3252,.F.);
#3433=ADVANCED_FACE('',(#153),#3253,.F.);
#3434=ADVANCED_FACE('',(#154),#3254,.F.);
#3435=ADVANCED_FACE('',(#155),#3255,.F.);
#3436=ADVANCED_FACE('',(#156),#3256,.F.);
#3437=ADVANCED_FACE('',(#157),#3257,.F.);
#3438=ADVANCED_FACE('',(#158),#3258,.F.);
#3439=ADVANCED_FACE('',(#159),#3259,.F.);
#3440=ADVANCED_FACE('',(#160),#3260,.F.);
#3441=ADVANCED_FACE('',(#161),#3261,.F.);
#3442=ADVANCED_FACE('',(#162),#3262,.F.);
#3443=ADVANCED_FACE('',(#163),#3263,.F.);
#3444=ADVANCED_FACE('',(#164),#3264,.F.);
#3445=ADVANCED_FACE('',(#165),#3265,.F.);
#3446=ADVANCED_FACE('',(#166),#3266,.F.);
#3447=ADVANCED_FACE('',(#167),#3267,.F.);
#3448=ADVANCED_FACE('',(#168),#3268,.F.);
#3449=ADVANCED_FACE('',(#169),#3269,.F.);
#3450=ADVANCED_FACE('',(#170),#3270,.F.);
#3451=ADVANCED_FACE('',(#171),#3271,.F.);
#3452=ADVANCED_FACE('',(#172),#3272,.F.);
#3453=ADVANCED_FACE('',(#173),#3273,.F.);
#3454=ADVANCED_FACE('',(#174),#3274,.F.);
#3455=ADVANCED_FACE('',(#175),#3275,.F.);
#3456=ADVANCED_FACE('',(#176),#3276,.F.);
#3457=ADVANCED_FACE('',(#177),#3277,.F.);
#3458=ADVANCED_FACE('',(#178),#3278,.F.);
#3459=ADVANCED_FACE('',(#179),#3279,.F.);
#3460=ADVANCED_FACE('',(#180),#3280,.F.);
#3461=ADVANCED_FACE('',(#181),#3281,.F.);
#3462=ADVANCED_FACE('',(#182),#3282,.F.);
#3463=ADVANCED_FACE('',(#183),#3283,.F.);
#3464=ADVANCED_FACE('',(#184),#3284,.F.);
#3465=ADVANCED_FACE('',(#185),#3285,.F.);
#3466=ADVANCED_FACE('',(#186),#3286,.F.);
#3467=ADVANCED_FACE('',(#187),#3287,.F.);
#3468=ADVANCED_FACE('',(#188),#3288,.F.);
#3469=ADVANCED_FACE('',(#189),#3289,.F.);
#3470=ADVANCED_FACE('',(#190),#3290,.F.);
#3471=ADVANCED_FACE('',(#191),#3291,.F.);
#3472=ADVANCED_FACE('',(#192),#3292,.F.);
#3473=ADVANCED_FACE('',(#193),#3293,.F.);
#3474=ADVANCED_FACE('',(#194),#3294,.F.);
#3475=ADVANCED_FACE('',(#195),#3295,.F.);
#3476=ADVANCED_FACE('',(#196),#3296,.F.);
#3477=ADVANCED_FACE('',(#197),#3297,.F.);
#3478=ADVANCED_FACE('',(#198),#3298,.F.);
#3479=ADVANCED_FACE('',(#199),#3299,.F.);
#3480=ADVANCED_FACE('',(#200),#3300,.F.);
#3481=ADVANCED_FACE('',(#201),#3301,.F.);
#3482=ADVANCED_FACE('',(#202),#3302,.F.);
#3483=ADVANCED_FACE('',(#203),#3303,.F.);
#3484=ADVANCED_FACE('',(#204),#3304,.F.);
#3485=ADVANCED_FACE('',(#205),#3305,.F.);
#3486=ADVANCED_FACE('',(#206),#3306,.F.);
#3487=ADVANCED_FACE('',(#207),#3307,.F.);
#3488=ADVANCED_FACE('',(#208),#3308,.F.);
#3489=ADVANCED_FACE('',(#209),#3309,.F.);
#3490=ADVANCED_FACE('',(#210),#3310,.F.);
#3491=ADVANCED_FACE('',(#211),#3311,.F.);
#3492=ADVANCED_FACE('',(#212),#3312,.F.);
#3493=ADVANCED_FACE('',(#213),#3313,.F.);
#3494=ADVANCED_FACE('',(#214),#3314,.T.);
#3495=ADVANCED_FACE('',(#215),#3315,.T.);
#3496=ADVANCED_FACE('',(#216),#3316,.T.);
#3497=ADVANCED_FACE('',(#217),#3317,.T.);
#3498=ADVANCED_FACE('',(#218),#3318,.T.);
#3499=ADVANCED_FACE('',(#219),#3319,.T.);
#3500=ADVANCED_FACE('',(#220),#3320,.T.);
#3501=ADVANCED_FACE('',(#221),#3321,.T.);
#3502=ADVANCED_FACE('',(#222),#3322,.T.);
#3503=ADVANCED_FACE('',(#223),#3323,.T.);
#3504=ADVANCED_FACE('',(#224),#3324,.T.);
#3505=ADVANCED_FACE('',(#225),#3325,.T.);
#3506=ADVANCED_FACE('',(#226),#3326,.T.);
#3507=ADVANCED_FACE('',(#227),#3327,.T.);
#3508=ADVANCED_FACE('',(#228),#3328,.T.);
#3509=ADVANCED_FACE('',(#229),#3329,.T.);
#3510=ADVANCED_FACE('',(#230),#3330,.T.);
#3511=ADVANCED_FACE('',(#231),#3331,.T.);
#3512=ADVANCED_FACE('',(#232),#3332,.T.);
#3513=ADVANCED_FACE('',(#233),#3333,.T.);
#3514=ADVANCED_FACE('',(#234),#3334,.T.);
#3515=ADVANCED_FACE('',(#235),#3335,.T.);
#3516=ADVANCED_FACE('',(#236),#3336,.T.);
#3517=ADVANCED_FACE('',(#237),#3337,.T.);
#3518=ADVANCED_FACE('',(#238),#3338,.T.);
#3519=ADVANCED_FACE('',(#239),#3339,.T.);
#3520=ADVANCED_FACE('',(#240),#3340,.T.);
#3521=ADVANCED_FACE('',(#241),#3341,.T.);
#3522=ADVANCED_FACE('',(#242),#3342,.T.);
#3523=ADVANCED_FACE('',(#243),#3343,.T.);
#3524=ADVANCED_FACE('',(#244),#3344,.T.);
#3525=ADVANCED_FACE('',(#245),#3345,.T.);
#3526=ADVANCED_FACE('',(#246),#3346,.T.);
#3527=ADVANCED_FACE('',(#247),#3347,.T.);
#3528=ADVANCED_FACE('',(#248),#3348,.F.);
#3529=CLOSED_SHELL('',(#3349,#3350,#3351,#3352,#3353,#3354,#3355,#3356,
#3357,#3358));
#3530=CLOSED_SHELL('',(#3359,#3360,#3361,#3362,#3363,#3364));
#3531=CLOSED_SHELL('',(#3365,#3366,#3367,#3368,#3369,#3370));
#3532=CLOSED_SHELL('',(#3371,#3372,#3373,#3374,#3375,#3376,#3377,#3378,
#3379,#3380,#3381,#3382,#3383,#3384,#3385,#3386,#3387,#3388));
#3533=CLOSED_SHELL('',(#3389,#3390,#3391,#3392,#3393,#3394,#3395,#3396,
#3397,#3398,#3399,#3400,#3401,#3402,#3403,#3404,#3405,#3406));
#3534=CLOSED_SHELL('',(#3407,#3408,#3409,#3410,#3411,#3412,#3413,#3414,
#3415,#3416,#3417,#3418,#3419,#3420,#3421,#3422,#3423,#3424,#3425,#3426,
#3427,#3428,#3429,#3430,#3431,#3432,#3433,#3434,#3435,#3436,#3437,#3438,
#3439,#3440,#3441,#3442,#3443,#3444,#3445,#3446,#3447,#3448,#3449,#3450,
#3451,#3452,#3453,#3454,#3455,#3456,#3457,#3458,#3459,#3460,#3461,#3462,
#3463,#3464,#3465,#3466,#3467,#3468,#3469,#3470,#3471,#3472,#3473,#3474,
#3475,#3476,#3477,#3478,#3479,#3480,#3481,#3482,#3483,#3484,#3485,#3486,
#3487,#3488,#3489,#3490,#3491,#3492,#3493,#3494,#3495,#3496,#3497,#3498,
#3499,#3500,#3501,#3502,#3503,#3504,#3505,#3506,#3507,#3508,#3509,#3510,
#3511,#3512,#3513,#3514,#3515,#3516,#3517,#3518,#3519,#3520,#3521,#3522,
#3523,#3524,#3525,#3526,#3527,#3528));
#3535=DERIVED_UNIT_ELEMENT(#3537,1.);
#3536=DERIVED_UNIT_ELEMENT(#5652,-3.);
#3537=(
MASS_UNIT()
NAMED_UNIT(*)
SI_UNIT(.KILO.,.GRAM.)
);
#3538=DERIVED_UNIT((#3535,#3536));
#3539=MEASURE_REPRESENTATION_ITEM('density measure',
POSITIVE_RATIO_MEASURE(7850.),#3538);
#3540=PROPERTY_DEFINITION_REPRESENTATION(#3545,#3542);
#3541=PROPERTY_DEFINITION_REPRESENTATION(#3546,#3543);
#3542=REPRESENTATION('material name',(#3544),#5649);
#3543=REPRESENTATION('density',(#3539),#5649);
#3544=DESCRIPTIVE_REPRESENTATION_ITEM('\X2\94A2\X0\','\X2\94A2\X0\');
#3545=PROPERTY_DEFINITION('material property','material name',#5659);
#3546=PROPERTY_DEFINITION('material property','density of part',#5659);
#3547=AXIS2_PLACEMENT_3D('',#4642,#3756,#3757);
#3548=AXIS2_PLACEMENT_3D('',#4643,#3758,#3759);
#3549=AXIS2_PLACEMENT_3D('',#4652,#3764,#3765);
#3550=AXIS2_PLACEMENT_3D('',#4654,#3766,#3767);
#3551=AXIS2_PLACEMENT_3D('',#4656,#3768,#3769);
#3552=AXIS2_PLACEMENT_3D('',#4658,#3771,#3772);
#3553=AXIS2_PLACEMENT_3D('',#4664,#3776,#3777);
#3554=AXIS2_PLACEMENT_3D('',#4666,#3778,#3779);
#3555=AXIS2_PLACEMENT_3D('',#4668,#3780,#3781);
#3556=AXIS2_PLACEMENT_3D('',#4670,#3783,#3784);
#3557=AXIS2_PLACEMENT_3D('',#4676,#3788,#3789);
#3558=AXIS2_PLACEMENT_3D('',#4678,#3790,#3791);
#3559=AXIS2_PLACEMENT_3D('',#4680,#3792,#3793);
#3560=AXIS2_PLACEMENT_3D('',#4682,#3795,#3796);
#3561=AXIS2_PLACEMENT_3D('',#4688,#3800,#3801);
#3562=AXIS2_PLACEMENT_3D('',#4689,#3802,#3803);
#3563=AXIS2_PLACEMENT_3D('',#4690,#3804,#3805);
#3564=AXIS2_PLACEMENT_3D('',#4691,#3806,#3807);
#3565=AXIS2_PLACEMENT_3D('',#4692,#3808,#3809);
#3566=AXIS2_PLACEMENT_3D('',#4693,#3810,#3811);
#3567=AXIS2_PLACEMENT_3D('',#4702,#3816,#3817);
#3568=AXIS2_PLACEMENT_3D('',#4708,#3821,#3822);
#3569=AXIS2_PLACEMENT_3D('',#4712,#3825,#3826);
#3570=AXIS2_PLACEMENT_3D('',#4716,#3829,#3830);
#3571=AXIS2_PLACEMENT_3D('',#4718,#3832,#3833);
#3572=AXIS2_PLACEMENT_3D('',#4719,#3834,#3835);
#3573=AXIS2_PLACEMENT_3D('',#4728,#3840,#3841);
#3574=AXIS2_PLACEMENT_3D('',#4734,#3845,#3846);
#3575=AXIS2_PLACEMENT_3D('',#4740,#3850,#3851);
#3576=AXIS2_PLACEMENT_3D('',#4743,#3854,#3855);
#3577=AXIS2_PLACEMENT_3D('',#4744,#3856,#3857);
#3578=AXIS2_PLACEMENT_3D('',#4745,#3858,#3859);
#3579=AXIS2_PLACEMENT_3D('',#4748,#3860,#3861);
#3580=AXIS2_PLACEMENT_3D('',#4752,#3863,#3864);
#3581=AXIS2_PLACEMENT_3D('',#4756,#3866,#3867);
#3582=AXIS2_PLACEMENT_3D('',#4760,#3869,#3870);
#3583=AXIS2_PLACEMENT_3D('',#4764,#3872,#3873);
#3584=AXIS2_PLACEMENT_3D('',#4768,#3875,#3876);
#3585=AXIS2_PLACEMENT_3D('',#4772,#3878,#3879);
#3586=AXIS2_PLACEMENT_3D('',#4776,#3881,#3882);
#3587=AXIS2_PLACEMENT_3D('',#4778,#3884,#3885);
#3588=AXIS2_PLACEMENT_3D('',#4784,#3889,#3890);
#3589=AXIS2_PLACEMENT_3D('',#4786,#3891,#3892);
#3590=AXIS2_PLACEMENT_3D('',#4788,#3894,#3895);
#3591=AXIS2_PLACEMENT_3D('',#4792,#3898,#3899);
#3592=AXIS2_PLACEMENT_3D('',#4794,#3900,#3901);
#3593=AXIS2_PLACEMENT_3D('',#4796,#3903,#3904);
#3594=AXIS2_PLACEMENT_3D('',#4800,#3907,#3908);
#3595=AXIS2_PLACEMENT_3D('',#4802,#3909,#3910);
#3596=AXIS2_PLACEMENT_3D('',#4804,#3912,#3913);
#3597=AXIS2_PLACEMENT_3D('',#4808,#3916,#3917);
#3598=AXIS2_PLACEMENT_3D('',#4809,#3918,#3919);
#3599=AXIS2_PLACEMENT_3D('',#4810,#3920,#3921);
#3600=AXIS2_PLACEMENT_3D('',#4816,#3925,#3926);
#3601=AXIS2_PLACEMENT_3D('',#4818,#3927,#3928);
#3602=AXIS2_PLACEMENT_3D('',#4820,#3930,#3931);
#3603=AXIS2_PLACEMENT_3D('',#4824,#3934,#3935);
#3604=AXIS2_PLACEMENT_3D('',#4826,#3936,#3937);
#3605=AXIS2_PLACEMENT_3D('',#4828,#3939,#3940);
#3606=AXIS2_PLACEMENT_3D('',#4832,#3943,#3944);
#3607=AXIS2_PLACEMENT_3D('',#4834,#3945,#3946);
#3608=AXIS2_PLACEMENT_3D('',#4836,#3948,#3949);
#3609=AXIS2_PLACEMENT_3D('',#4840,#3952,#3953);
#3610=AXIS2_PLACEMENT_3D('',#4841,#3954,#3955);
#3611=AXIS2_PLACEMENT_3D('',#4842,#3956,#3957);
#3612=AXIS2_PLACEMENT_3D('',#4843,#3958,#3959);
#3613=AXIS2_PLACEMENT_3D('',#4852,#3964,#3965);
#3614=AXIS2_PLACEMENT_3D('',#4856,#3967,#3968);
#3615=AXIS2_PLACEMENT_3D('',#4859,#3970,#3971);
#3616=AXIS2_PLACEMENT_3D('',#4860,#3972,#3973);
#3617=AXIS2_PLACEMENT_3D('',#4864,#3975,#3976);
#3618=AXIS2_PLACEMENT_3D('',#4866,#3978,#3979);
#3619=AXIS2_PLACEMENT_3D('',#4871,#3983,#3984);
#3620=AXIS2_PLACEMENT_3D('',#4875,#3987,#3988);
#3621=AXIS2_PLACEMENT_3D('',#4881,#3992,#3993);
#3622=AXIS2_PLACEMENT_3D('',#4895,#4001,#4002);
#3623=AXIS2_PLACEMENT_3D('',#4897,#4004,#4005);
#3624=AXIS2_PLACEMENT_3D('',#4898,#4006,#4007);
#3625=AXIS2_PLACEMENT_3D('',#4902,#4010,#4011);
#3626=AXIS2_PLACEMENT_3D('',#4906,#4014,#4015);
#3627=AXIS2_PLACEMENT_3D('',#4910,#4018,#4019);
#3628=AXIS2_PLACEMENT_3D('',#4914,#4022,#4023);
#3629=AXIS2_PLACEMENT_3D('',#4918,#4026,#4027);
#3630=AXIS2_PLACEMENT_3D('',#4920,#4029,#4030);
#3631=AXIS2_PLACEMENT_3D('',#4922,#4032,#4033);
#3632=AXIS2_PLACEMENT_3D('',#4923,#4034,#4035);
#3633=AXIS2_PLACEMENT_3D('',#4924,#4036,#4037);
#3634=AXIS2_PLACEMENT_3D('',#4925,#4038,#4039);
#3635=AXIS2_PLACEMENT_3D('',#4934,#4044,#4045);
#3636=AXIS2_PLACEMENT_3D('',#4943,#4050,#4051);
#3637=AXIS2_PLACEMENT_3D('',#4946,#4054,#4055);
#3638=AXIS2_PLACEMENT_3D('',#4955,#4060,#4061);
#3639=AXIS2_PLACEMENT_3D('',#4964,#4066,#4067);
#3640=AXIS2_PLACEMENT_3D('',#4967,#4070,#4071);
#3641=AXIS2_PLACEMENT_3D('',#4976,#4076,#4077);
#3642=AXIS2_PLACEMENT_3D('',#4985,#4082,#4083);
#3643=AXIS2_PLACEMENT_3D('',#4988,#4086,#4087);
#3644=AXIS2_PLACEMENT_3D('',#4997,#4092,#4093);
#3645=AXIS2_PLACEMENT_3D('',#5006,#4098,#4099);
#3646=AXIS2_PLACEMENT_3D('',#5009,#4102,#4103);
#3647=AXIS2_PLACEMENT_3D('',#5018,#4108,#4109);
#3648=AXIS2_PLACEMENT_3D('',#5027,#4114,#4115);
#3649=AXIS2_PLACEMENT_3D('',#5030,#4118,#4119);
#3650=AXIS2_PLACEMENT_3D('',#5039,#4124,#4125);
#3651=AXIS2_PLACEMENT_3D('',#5048,#4130,#4131);
#3652=AXIS2_PLACEMENT_3D('',#5051,#4134,#4135);
#3653=AXIS2_PLACEMENT_3D('',#5060,#4140,#4141);
#3654=AXIS2_PLACEMENT_3D('',#5069,#4146,#4147);
#3655=AXIS2_PLACEMENT_3D('',#5072,#4150,#4151);
#3656=AXIS2_PLACEMENT_3D('',#5081,#4156,#4157);
#3657=AXIS2_PLACEMENT_3D('',#5090,#4162,#4163);
#3658=AXIS2_PLACEMENT_3D('',#5093,#4166,#4167);
#3659=AXIS2_PLACEMENT_3D('',#5102,#4172,#4173);
#3660=AXIS2_PLACEMENT_3D('',#5111,#4178,#4179);
#3661=AXIS2_PLACEMENT_3D('',#5114,#4182,#4183);
#3662=AXIS2_PLACEMENT_3D('',#5123,#4188,#4189);
#3663=AXIS2_PLACEMENT_3D('',#5132,#4194,#4195);
#3664=AXIS2_PLACEMENT_3D('',#5135,#4198,#4199);
#3665=AXIS2_PLACEMENT_3D('',#5144,#4204,#4205);
#3666=AXIS2_PLACEMENT_3D('',#5153,#4210,#4211);
#3667=AXIS2_PLACEMENT_3D('',#5156,#4214,#4215);
#3668=AXIS2_PLACEMENT_3D('',#5165,#4220,#4221);
#3669=AXIS2_PLACEMENT_3D('',#5174,#4226,#4227);
#3670=AXIS2_PLACEMENT_3D('',#5177,#4230,#4231);
#3671=AXIS2_PLACEMENT_3D('',#5186,#4236,#4237);
#3672=AXIS2_PLACEMENT_3D('',#5195,#4242,#4243);
#3673=AXIS2_PLACEMENT_3D('',#5198,#4246,#4247);
#3674=AXIS2_PLACEMENT_3D('',#5207,#4252,#4253);
#3675=AXIS2_PLACEMENT_3D('',#5216,#4258,#4259);
#3676=AXIS2_PLACEMENT_3D('',#5219,#4262,#4263);
#3677=AXIS2_PLACEMENT_3D('',#5228,#4268,#4269);
#3678=AXIS2_PLACEMENT_3D('',#5237,#4274,#4275);
#3679=AXIS2_PLACEMENT_3D('',#5240,#4278,#4279);
#3680=AXIS2_PLACEMENT_3D('',#5249,#4284,#4285);
#3681=AXIS2_PLACEMENT_3D('',#5258,#4290,#4291);
#3682=AXIS2_PLACEMENT_3D('',#5261,#4294,#4295);
#3683=AXIS2_PLACEMENT_3D('',#5270,#4300,#4301);
#3684=AXIS2_PLACEMENT_3D('',#5279,#4306,#4307);
#3685=AXIS2_PLACEMENT_3D('',#5282,#4310,#4311);
#3686=AXIS2_PLACEMENT_3D('',#5291,#4316,#4317);
#3687=AXIS2_PLACEMENT_3D('',#5300,#4322,#4323);
#3688=AXIS2_PLACEMENT_3D('',#5303,#4326,#4327);
#3689=AXIS2_PLACEMENT_3D('',#5312,#4332,#4333);
#3690=AXIS2_PLACEMENT_3D('',#5321,#4338,#4339);
#3691=AXIS2_PLACEMENT_3D('',#5324,#4342,#4343);
#3692=AXIS2_PLACEMENT_3D('',#5333,#4348,#4349);
#3693=AXIS2_PLACEMENT_3D('',#5342,#4354,#4355);
#3694=AXIS2_PLACEMENT_3D('',#5345,#4358,#4359);
#3695=AXIS2_PLACEMENT_3D('',#5354,#4364,#4365);
#3696=AXIS2_PLACEMENT_3D('',#5363,#4370,#4371);
#3697=AXIS2_PLACEMENT_3D('',#5366,#4374,#4375);
#3698=AXIS2_PLACEMENT_3D('',#5375,#4380,#4381);
#3699=AXIS2_PLACEMENT_3D('',#5384,#4386,#4387);
#3700=AXIS2_PLACEMENT_3D('',#5387,#4390,#4391);
#3701=AXIS2_PLACEMENT_3D('',#5396,#4396,#4397);
#3702=AXIS2_PLACEMENT_3D('',#5405,#4402,#4403);
#3703=AXIS2_PLACEMENT_3D('',#5408,#4406,#4407);
#3704=AXIS2_PLACEMENT_3D('',#5417,#4412,#4413);
#3705=AXIS2_PLACEMENT_3D('',#5426,#4418,#4419);
#3706=AXIS2_PLACEMENT_3D('',#5429,#4422,#4423);
#3707=AXIS2_PLACEMENT_3D('',#5438,#4428,#4429);
#3708=AXIS2_PLACEMENT_3D('',#5447,#4434,#4435);
#3709=AXIS2_PLACEMENT_3D('',#5450,#4438,#4439);
#3710=AXIS2_PLACEMENT_3D('',#5459,#4444,#4445);
#3711=AXIS2_PLACEMENT_3D('',#5468,#4450,#4451);
#3712=AXIS2_PLACEMENT_3D('',#5471,#4454,#4455);
#3713=AXIS2_PLACEMENT_3D('',#5480,#4460,#4461);
#3714=AXIS2_PLACEMENT_3D('',#5489,#4466,#4467);
#3715=AXIS2_PLACEMENT_3D('',#5492,#4470,#4471);
#3716=AXIS2_PLACEMENT_3D('',#5501,#4476,#4477);
#3717=AXIS2_PLACEMENT_3D('',#5510,#4482,#4483);
#3718=AXIS2_PLACEMENT_3D('',#5513,#4486,#4487);
#3719=AXIS2_PLACEMENT_3D('',#5522,#4492,#4493);
#3720=AXIS2_PLACEMENT_3D('',#5531,#4498,#4499);
#3721=AXIS2_PLACEMENT_3D('',#5534,#4502,#4503);
#3722=AXIS2_PLACEMENT_3D('',#5540,#4507,#4508);
#3723=AXIS2_PLACEMENT_3D('',#5546,#4512,#4513);
#3724=AXIS2_PLACEMENT_3D('',#5549,#4516,#4517);
#3725=AXIS2_PLACEMENT_3D('',#5552,#4520,#4521);
#3726=AXIS2_PLACEMENT_3D('',#5555,#4524,#4525);
#3727=AXIS2_PLACEMENT_3D('',#5558,#4528,#4529);
#3728=AXIS2_PLACEMENT_3D('',#5561,#4532,#4533);
#3729=AXIS2_PLACEMENT_3D('',#5564,#4536,#4537);
#3730=AXIS2_PLACEMENT_3D('',#5567,#4540,#4541);
#3731=AXIS2_PLACEMENT_3D('',#5570,#4544,#4545);
#3732=AXIS2_PLACEMENT_3D('',#5573,#4548,#4549);
#3733=AXIS2_PLACEMENT_3D('',#5576,#4552,#4553);
#3734=AXIS2_PLACEMENT_3D('',#5579,#4556,#4557);
#3735=AXIS2_PLACEMENT_3D('',#5582,#4560,#4561);
#3736=AXIS2_PLACEMENT_3D('',#5585,#4564,#4565);
#3737=AXIS2_PLACEMENT_3D('',#5588,#4568,#4569);
#3738=AXIS2_PLACEMENT_3D('',#5591,#4572,#4573);
#3739=AXIS2_PLACEMENT_3D('',#5594,#4576,#4577);
#3740=AXIS2_PLACEMENT_3D('',#5597,#4580,#4581);
#3741=AXIS2_PLACEMENT_3D('',#5600,#4584,#4585);
#3742=AXIS2_PLACEMENT_3D('',#5603,#4588,#4589);
#3743=AXIS2_PLACEMENT_3D('',#5606,#4592,#4593);
#3744=AXIS2_PLACEMENT_3D('',#5609,#4596,#4597);
#3745=AXIS2_PLACEMENT_3D('',#5612,#4600,#4601);
#3746=AXIS2_PLACEMENT_3D('',#5615,#4604,#4605);
#3747=AXIS2_PLACEMENT_3D('',#5618,#4608,#4609);
#3748=AXIS2_PLACEMENT_3D('',#5621,#4612,#4613);
#3749=AXIS2_PLACEMENT_3D('',#5624,#4616,#4617);
#3750=AXIS2_PLACEMENT_3D('',#5627,#4620,#4621);
#3751=AXIS2_PLACEMENT_3D('',#5630,#4624,#4625);
#3752=AXIS2_PLACEMENT_3D('',#5636,#4629,#4630);
#3753=AXIS2_PLACEMENT_3D('',#5642,#4634,#4635);
#3754=AXIS2_PLACEMENT_3D('',#5644,#4637,#4638);
#3755=AXIS2_PLACEMENT_3D('',#5646,#4640,#4641);
#3756=DIRECTION('axis',(0.,0.,1.));
#3757=DIRECTION('refdir',(1.,0.,0.));
#3758=DIRECTION('center_axis',(-1.40534560079134E-16,-1.,0.));
#3759=DIRECTION('ref_axis',(-1.,1.40534560079134E-16,0.));
#3760=DIRECTION('',(-1.,1.40534560079134E-16,0.));
#3761=DIRECTION('',(0.,0.,-1.));
#3762=DIRECTION('',(-1.,1.40534560079134E-16,0.));
#3763=DIRECTION('',(0.,0.,-1.));
#3764=DIRECTION('center_axis',(0.,0.,-1.));
#3765=DIRECTION('ref_axis',(-4.93432455388959E-15,-1.,0.));
#3766=DIRECTION('center_axis',(0.,0.,1.));
#3767=DIRECTION('ref_axis',(-4.93432455388959E-15,-1.,0.));
#3768=DIRECTION('center_axis',(0.,0.,-1.));
#3769=DIRECTION('ref_axis',(-4.93432455388959E-15,-1.,0.));
#3770=DIRECTION('',(0.,0.,-1.));
#3771=DIRECTION('center_axis',(1.,8.01605071931521E-17,0.));
#3772=DIRECTION('ref_axis',(8.01605071931521E-17,-1.,0.));
#3773=DIRECTION('',(8.01605071931521E-17,-1.,0.));
#3774=DIRECTION('',(8.01605071931521E-17,-1.,0.));
#3775=DIRECTION('',(0.,0.,-1.));
#3776=DIRECTION('center_axis',(0.,0.,-1.));
#3777=DIRECTION('ref_axis',(1.,0.,0.));
#3778=DIRECTION('center_axis',(0.,0.,1.));
#3779=DIRECTION('ref_axis',(1.,0.,0.));
#3780=DIRECTION('center_axis',(0.,0.,-1.));
#3781=DIRECTION('ref_axis',(1.,0.,0.));
#3782=DIRECTION('',(0.,0.,-1.));
#3783=DIRECTION('center_axis',(-1.40534560079134E-16,1.,0.));
#3784=DIRECTION('ref_axis',(1.,1.40534560079134E-16,0.));
#3785=DIRECTION('',(1.,1.40534560079134E-16,0.));
#3786=DIRECTION('',(1.,1.40534560079134E-16,0.));
#3787=DIRECTION('',(0.,0.,-1.));
#3788=DIRECTION('center_axis',(0.,0.,-1.));
#3789=DIRECTION('ref_axis',(4.93432455388962E-15,1.,0.));
#3790=DIRECTION('center_axis',(0.,0.,1.));
#3791=DIRECTION('ref_axis',(4.93432455388962E-15,1.,0.));
#3792=DIRECTION('center_axis',(0.,0.,-1.));
#3793=DIRECTION('ref_axis',(4.93432455388962E-15,1.,0.));
#3794=DIRECTION('',(0.,0.,-1.));
#3795=DIRECTION('center_axis',(-1.,0.,0.));
#3796=DIRECTION('ref_axis',(0.,1.,0.));
#3797=DIRECTION('',(0.,1.,0.));
#3798=DIRECTION('',(0.,1.,0.));
#3799=DIRECTION('',(0.,0.,-1.));
#3800=DIRECTION('center_axis',(0.,0.,-1.));
#3801=DIRECTION('ref_axis',(-1.,0.,0.));
#3802=DIRECTION('center_axis',(0.,0.,1.));
#3803=DIRECTION('ref_axis',(-1.,0.,0.));
#3804=DIRECTION('center_axis',(0.,0.,-1.));
#3805=DIRECTION('ref_axis',(-1.,0.,0.));
#3806=DIRECTION('center_axis',(0.,0.,1.));
#3807=DIRECTION('ref_axis',(1.,0.,0.));
#3808=DIRECTION('center_axis',(0.,0.,1.));
#3809=DIRECTION('ref_axis',(1.,0.,0.));
#3810=DIRECTION('center_axis',(0.,0.,1.));
#3811=DIRECTION('ref_axis',(1.,0.,0.));
#3812=DIRECTION('',(1.,-1.48029736616688E-16,0.));
#3813=DIRECTION('',(-8.66515531414756E-17,1.,0.));
#3814=DIRECTION('',(-1.,0.,0.));
#3815=DIRECTION('',(0.,-1.,0.));
#3816=DIRECTION('center_axis',(1.,8.66515531414756E-17,0.));
#3817=DIRECTION('ref_axis',(8.66515531414756E-17,-1.,0.));
#3818=DIRECTION('',(0.,0.,1.));
#3819=DIRECTION('',(8.66515531414756E-17,-1.,0.));
#3820=DIRECTION('',(0.,0.,1.));
#3821=DIRECTION('center_axis',(0.,1.,0.));
#3822=DIRECTION('ref_axis',(1.,0.,0.));
#3823=DIRECTION('',(1.,0.,0.));
#3824=DIRECTION('',(0.,0.,1.));
#3825=DIRECTION('center_axis',(-1.,0.,0.));
#3826=DIRECTION('ref_axis',(0.,1.,0.));
#3827=DIRECTION('',(0.,1.,0.));
#3828=DIRECTION('',(0.,0.,-1.));
#3829=DIRECTION('center_axis',(-1.48029736616688E-16,-1.,0.));
#3830=DIRECTION('ref_axis',(-1.,1.48029736616688E-16,0.));
#3831=DIRECTION('',(-1.,1.48029736616688E-16,0.));
#3832=DIRECTION('center_axis',(0.,0.,-1.));
#3833=DIRECTION('ref_axis',(-1.,0.,0.));
#3834=DIRECTION('center_axis',(1.,8.66515531414756E-17,0.));
#3835=DIRECTION('ref_axis',(8.66515531414756E-17,-1.,0.));
#3836=DIRECTION('',(8.66515531414756E-17,-1.,0.));
#3837=DIRECTION('',(0.,0.,-1.));
#3838=DIRECTION('',(8.66515531414756E-17,-1.,0.));
#3839=DIRECTION('',(0.,0.,-1.));
#3840=DIRECTION('center_axis',(0.,1.,0.));
#3841=DIRECTION('ref_axis',(1.,0.,0.));
#3842=DIRECTION('',(1.,0.,0.));
#3843=DIRECTION('',(1.,0.,0.));
#3844=DIRECTION('',(0.,0.,-1.));
#3845=DIRECTION('center_axis',(-1.,0.,0.));
#3846=DIRECTION('ref_axis',(0.,1.,0.));
#3847=DIRECTION('',(0.,1.,0.));
#3848=DIRECTION('',(0.,1.,0.));
#3849=DIRECTION('',(0.,0.,-1.));
#3850=DIRECTION('center_axis',(-1.48029736616688E-16,-1.,0.));
#3851=DIRECTION('ref_axis',(-1.,1.48029736616688E-16,0.));
#3852=DIRECTION('',(-1.,1.48029736616688E-16,0.));
#3853=DIRECTION('',(-1.,1.48029736616688E-16,0.));
#3854=DIRECTION('center_axis',(0.,0.,1.));
#3855=DIRECTION('ref_axis',(1.,0.,0.));
#3856=DIRECTION('center_axis',(0.,0.,-1.));
#3857=DIRECTION('ref_axis',(-1.,0.,0.));
#3858=DIRECTION('center_axis',(0.,0.,-1.));
#3859=DIRECTION('ref_axis',(1.,0.,0.));
#3860=DIRECTION('center_axis',(0.,0.,1.));
#3861=DIRECTION('ref_axis',(-4.93432455388959E-15,1.,0.));
#3862=DIRECTION('',(-1.,-1.40534560079134E-16,0.));
#3863=DIRECTION('center_axis',(0.,0.,1.));
#3864=DIRECTION('ref_axis',(-1.,0.,0.));
#3865=DIRECTION('',(-4.0080253596576E-17,-1.,0.));
#3866=DIRECTION('center_axis',(0.,0.,1.));
#3867=DIRECTION('ref_axis',(1.23358113847241E-14,-1.,0.));
#3868=DIRECTION('',(1.,-1.40534560079134E-16,0.));
#3869=DIRECTION('center_axis',(0.,0.,1.));
#3870=DIRECTION('ref_axis',(1.,0.,0.));
#3871=DIRECTION('',(-8.01605071931521E-17,1.,0.));
#3872=DIRECTION('center_axis',(0.,0.,-1.));
#3873=DIRECTION('ref_axis',(-4.93432455388959E-15,1.,0.));
#3874=DIRECTION('',(0.,-1.,0.));
#3875=DIRECTION('center_axis',(0.,0.,-1.));
#3876=DIRECTION('ref_axis',(1.,4.93432455388963E-15,0.));
#3877=DIRECTION('',(-1.,-1.711326434875E-16,0.));
#3878=DIRECTION('center_axis',(0.,0.,-1.));
#3879=DIRECTION('ref_axis',(2.4671622769448E-15,-1.,0.));
#3880=DIRECTION('',(0.,1.,0.));
#3881=DIRECTION('center_axis',(0.,0.,-1.));
#3882=DIRECTION('ref_axis',(-1.,0.,0.));
#3883=DIRECTION('',(1.,0.,0.));
#3884=DIRECTION('center_axis',(0.,-1.,0.));
#3885=DIRECTION('ref_axis',(1.,0.,0.));
#3886=DIRECTION('',(-1.,0.,0.));
#3887=DIRECTION('',(0.,0.,1.));
#3888=DIRECTION('',(0.,0.,1.));
#3889=DIRECTION('center_axis',(0.,0.,1.));
#3890=DIRECTION('ref_axis',(-1.,0.,0.));
#3891=DIRECTION('center_axis',(0.,0.,1.));
#3892=DIRECTION('ref_axis',(-1.,0.,0.));
#3893=DIRECTION('',(0.,0.,1.));
#3894=DIRECTION('center_axis',(1.,0.,0.));
#3895=DIRECTION('ref_axis',(0.,1.,0.));
#3896=DIRECTION('',(0.,-1.,0.));
#3897=DIRECTION('',(0.,0.,1.));
#3898=DIRECTION('center_axis',(0.,0.,1.));
#3899=DIRECTION('ref_axis',(2.4671622769448E-15,-1.,0.));
#3900=DIRECTION('center_axis',(0.,0.,1.));
#3901=DIRECTION('ref_axis',(2.4671622769448E-15,-1.,0.));
#3902=DIRECTION('',(0.,0.,1.));
#3903=DIRECTION('center_axis',(-1.711326434875E-16,1.,0.));
#3904=DIRECTION('ref_axis',(-1.,-1.711326434875E-16,0.));
#3905=DIRECTION('',(1.,1.711326434875E-16,0.));
#3906=DIRECTION('',(0.,0.,1.));
#3907=DIRECTION('center_axis',(0.,0.,1.));
#3908=DIRECTION('ref_axis',(1.,4.93432455388963E-15,0.));
#3909=DIRECTION('center_axis',(0.,0.,1.));
#3910=DIRECTION('ref_axis',(1.,4.93432455388963E-15,0.));
#3911=DIRECTION('',(0.,0.,1.));
#3912=DIRECTION('center_axis',(-1.,0.,0.));
#3913=DIRECTION('ref_axis',(0.,-1.,0.));
#3914=DIRECTION('',(0.,1.,0.));
#3915=DIRECTION('',(0.,0.,1.));
#3916=DIRECTION('center_axis',(0.,0.,1.));
#3917=DIRECTION('ref_axis',(-4.93432455388959E-15,1.,0.));
#3918=DIRECTION('center_axis',(0.,0.,1.));
#3919=DIRECTION('ref_axis',(-4.93432455388959E-15,1.,0.));
#3920=DIRECTION('center_axis',(1.,8.01605071931521E-17,0.));
#3921=DIRECTION('ref_axis',(-8.01605071931521E-17,1.,0.));
#3922=DIRECTION('',(-8.01605071931521E-17,1.,0.));
#3923=DIRECTION('',(0.,0.,1.));
#3924=DIRECTION('',(0.,0.,1.));
#3925=DIRECTION('center_axis',(0.,0.,1.));
#3926=DIRECTION('ref_axis',(1.,0.,0.));
#3927=DIRECTION('center_axis',(0.,0.,-1.));
#3928=DIRECTION('ref_axis',(1.,0.,0.));
#3929=DIRECTION('',(0.,0.,1.));
#3930=DIRECTION('center_axis',(-1.40534560079134E-16,-1.,0.));
#3931=DIRECTION('ref_axis',(1.,-1.40534560079134E-16,0.));
#3932=DIRECTION('',(1.,-1.40534560079134E-16,0.));
#3933=DIRECTION('',(0.,0.,1.));
#3934=DIRECTION('center_axis',(0.,0.,1.));
#3935=DIRECTION('ref_axis',(1.23358113847241E-14,-1.,0.));
#3936=DIRECTION('center_axis',(0.,0.,-1.));
#3937=DIRECTION('ref_axis',(1.23358113847241E-14,-1.,0.));
#3938=DIRECTION('',(0.,0.,1.));
#3939=DIRECTION('center_axis',(-1.,4.0080253596576E-17,0.));
#3940=DIRECTION('ref_axis',(-4.0080253596576E-17,-1.,0.));
#3941=DIRECTION('',(-4.0080253596576E-17,-1.,0.));
#3942=DIRECTION('',(0.,0.,1.));
#3943=DIRECTION('center_axis',(0.,0.,1.));
#3944=DIRECTION('ref_axis',(-1.,0.,0.));
#3945=DIRECTION('center_axis',(0.,0.,-1.));
#3946=DIRECTION('ref_axis',(-1.,0.,0.));
#3947=DIRECTION('',(0.,0.,1.));
#3948=DIRECTION('center_axis',(-1.40534560079134E-16,1.,0.));
#3949=DIRECTION('ref_axis',(-1.,-1.40534560079134E-16,0.));
#3950=DIRECTION('',(-1.,-1.40534560079134E-16,0.));
#3951=DIRECTION('',(0.,0.,1.));
#3952=DIRECTION('center_axis',(0.,0.,1.));
#3953=DIRECTION('ref_axis',(-4.93432455388959E-15,1.,0.));
#3954=DIRECTION('center_axis',(0.,0.,-1.));
#3955=DIRECTION('ref_axis',(-4.93432455388959E-15,1.,0.));
#3956=DIRECTION('center_axis',(0.,0.,-1.));
#3957=DIRECTION('ref_axis',(1.,0.,0.));
#3958=DIRECTION('center_axis',(-1.,1.48029736616691E-16,1.48029736616688E-16));
#3959=DIRECTION('ref_axis',(1.48029736616691E-16,2.31538712521606E-14,1.));
#3960=DIRECTION('',(-1.48029736616688E-16,-1.,2.30314065722459E-14));
#3961=DIRECTION('',(-1.48029736616691E-16,-2.31538712521606E-14,-1.));
#3962=DIRECTION('',(1.48029736616688E-16,1.,-2.31538712521606E-14));
#3963=DIRECTION('',(1.48029736616691E-16,2.31538712521606E-14,1.));
#3964=DIRECTION('center_axis',(-1.,1.48029736616688E-16,-1.81284143126252E-32));
#3965=DIRECTION('ref_axis',(0.,-1.22464679914735E-16,-1.));
#3966=DIRECTION('',(-1.,1.48029736616688E-16,1.87935550532059E-17));
#3967=DIRECTION('center_axis',(1.,-1.48029736616688E-16,1.81284143126252E-32));
#3968=DIRECTION('ref_axis',(0.,-1.,2.22044604925026E-14));
#3969=DIRECTION('',(-1.,1.29236181563482E-16,-1.58268676085744E-32));
#3970=DIRECTION('center_axis',(-1.,1.48029736616688E-16,-1.81284143126252E-32));
#3971=DIRECTION('ref_axis',(0.,0.,-1.));
#3972=DIRECTION('center_axis',(1.,-1.48029736616688E-16,1.81284143126252E-32));
#3973=DIRECTION('ref_axis',(1.81284143126252E-32,0.,-1.));
#3974=DIRECTION('',(1.48029736616688E-16,1.,-2.30314065722459E-14));
#3975=DIRECTION('center_axis',(1.,-1.48029736616688E-16,1.81284143126252E-32));
#3976=DIRECTION('ref_axis',(0.,-1.,2.35922392732846E-14));
#3977=DIRECTION('',(2.01725684183527E-32,-2.60702571471598E-48,1.));
#3978=DIRECTION('center_axis',(-1.48029736616688E-16,-1.,2.31538712521606E-14));
#3979=DIRECTION('ref_axis',(-1.,1.48029736616691E-16,1.48029736616688E-16));
#3980=DIRECTION('',(1.,-1.48029736616688E-16,-1.87935550532059E-17));
#3981=DIRECTION('',(-3.12751258221105E-16,-2.31538712521606E-14,-1.));
#3982=DIRECTION('',(-1.,1.48029736616694E-16,2.96059473233375E-16));
#3983=DIRECTION('center_axis',(1.48029736616688E-16,1.,-2.31538712521606E-14));
#3984=DIRECTION('ref_axis',(-1.,1.48029736616691E-16,1.48029736616688E-16));
#3985=DIRECTION('',(1.,-1.48029736616694E-16,-2.96059473233375E-16));
#3986=DIRECTION('',(-3.12751258221105E-16,-2.31538712521606E-14,-1.));
#3987=DIRECTION('center_axis',(1.,1.64721521604414E-16,-2.01725684183527E-32));
#3988=DIRECTION('ref_axis',(-1.64721521604414E-16,1.,-1.22464679914735E-16));
#3989=DIRECTION('',(-1.64721521604414E-16,1.,-1.22464679914735E-16));
#3990=DIRECTION('',(0.,1.22464679914735E-16,1.));
#3991=DIRECTION('',(-1.64721521604414E-16,1.,-1.22464679914735E-16));
#3992=DIRECTION('center_axis',(0.,-1.22464679914735E-16,-1.));
#3993=DIRECTION('ref_axis',(-1.,0.,0.));
#3994=DIRECTION('',(1.,-1.29236181563482E-16,1.58268676085744E-32));
#3995=DIRECTION('',(0.,1.,-1.22464679914735E-16));
#3996=DIRECTION('',(-1.,0.,0.));
#3997=DIRECTION('',(-0.490188033059412,0.871616711774932,-1.06742261615851E-16));
#3998=DIRECTION('',(-1.,0.,0.));
#3999=DIRECTION('',(0.,1.,-1.22464679914735E-16));
#4000=DIRECTION('',(-1.,-1.29236181563482E-16,1.58268676085744E-32));
#4001=DIRECTION('center_axis',(-1.,1.48029736616688E-16,-1.81284143126252E-32));
#4002=DIRECTION('ref_axis',(-1.81284143126252E-32,0.,1.));
#4003=DIRECTION('',(0.,0.,-1.));
#4004=DIRECTION('center_axis',(1.,-1.48029736616688E-16,1.81284143126252E-32));
#4005=DIRECTION('ref_axis',(0.,-1.,2.35922392732846E-14));
#4006=DIRECTION('center_axis',(-1.,0.,0.));
#4007=DIRECTION('ref_axis',(0.,-1.,1.22464679914735E-16));
#4008=DIRECTION('',(0.,-1.,1.22464679914735E-16));
#4009=DIRECTION('',(0.,1.22464679914735E-16,1.));
#4010=DIRECTION('center_axis',(0.,-1.,1.22464679914735E-16));
#4011=DIRECTION('ref_axis',(1.,0.,0.));
#4012=DIRECTION('',(1.,0.,0.));
#4013=DIRECTION('',(0.,1.22464679914735E-16,1.));
#4014=DIRECTION('center_axis',(-0.871616711774932,-0.490188033059412,6.00307205666546E-17));
#4015=DIRECTION('ref_axis',(0.490188033059412,-0.871616711774932,1.06742261615851E-16));
#4016=DIRECTION('',(0.490188033059412,-0.871616711774932,1.06742261615851E-16));
#4017=DIRECTION('',(0.,1.22464679914735E-16,1.));
#4018=DIRECTION('center_axis',(0.,-1.,1.22464679914735E-16));
#4019=DIRECTION('ref_axis',(1.,0.,0.));
#4020=DIRECTION('',(1.,0.,0.));
#4021=DIRECTION('',(0.,1.22464679914735E-16,1.));
#4022=DIRECTION('center_axis',(-1.,0.,0.));
#4023=DIRECTION('ref_axis',(0.,-1.,1.22464679914735E-16));
#4024=DIRECTION('',(0.,-1.,1.22464679914735E-16));
#4025=DIRECTION('',(0.,1.22464679914735E-16,1.));
#4026=DIRECTION('center_axis',(-1.29236181563482E-16,1.,-1.22464679914735E-16));
#4027=DIRECTION('ref_axis',(-1.,-1.29236181563482E-16,1.58268676085744E-32));
#4028=DIRECTION('',(-1.,-1.29236181563482E-16,1.58268676085744E-32));
#4029=DIRECTION('center_axis',(1.,-1.48029736616695E-16,-3.12751258221101E-16));
#4030=DIRECTION('ref_axis',(-3.12751258221105E-16,-2.31538712521606E-14,
-1.));
#4031=DIRECTION('',(1.48029736616688E-16,1.,-2.31538712521606E-14));
#4032=DIRECTION('center_axis',(2.96059473233378E-16,2.31538712521606E-14,
1.));
#4033=DIRECTION('ref_axis',(1.,-1.48029736616694E-16,-2.96059473233375E-16));
#4034=DIRECTION('center_axis',(-1.,1.48029736616688E-16,-1.81284143126252E-32));
#4035=DIRECTION('ref_axis',(0.,-1.22464679914735E-16,-1.));
#4036=DIRECTION('center_axis',(0.,1.22464679914735E-16,1.));
#4037=DIRECTION('ref_axis',(-1.,0.,0.));
#4038=DIRECTION('center_axis',(0.,-1.,0.));
#4039=DIRECTION('ref_axis',(-1.,0.,0.));
#4040=DIRECTION('',(-1.,0.,0.));
#4041=DIRECTION('',(0.,0.,1.));
#4042=DIRECTION('',(-1.,0.,0.));
#4043=DIRECTION('',(0.,0.,-1.));
#4044=DIRECTION('center_axis',(0.,1.,0.));
#4045=DIRECTION('ref_axis',(1.,0.,0.));
#4046=DIRECTION('',(1.,0.,0.));
#4047=DIRECTION('',(0.,0.,1.));
#4048=DIRECTION('',(1.,0.,0.));
#4049=DIRECTION('',(0.,0.,-1.));
#4050=DIRECTION('center_axis',(0.,0.,-1.));
#4051=DIRECTION('ref_axis',(-1.,0.,0.));
#4052=DIRECTION('',(0.,1.,0.));
#4053=DIRECTION('',(0.,-1.,0.));
#4054=DIRECTION('center_axis',(0.,-1.,0.));
#4055=DIRECTION('ref_axis',(-1.,0.,0.));
#4056=DIRECTION('',(-1.,0.,0.));
#4057=DIRECTION('',(0.,0.,1.));
#4058=DIRECTION('',(-1.,0.,0.));
#4059=DIRECTION('',(0.,0.,-1.));
#4060=DIRECTION('center_axis',(0.,1.,0.));
#4061=DIRECTION('ref_axis',(1.,0.,0.));
#4062=DIRECTION('',(1.,0.,0.));
#4063=DIRECTION('',(0.,0.,1.));
#4064=DIRECTION('',(1.,0.,0.));
#4065=DIRECTION('',(0.,0.,-1.));
#4066=DIRECTION('center_axis',(0.,0.,-1.));
#4067=DIRECTION('ref_axis',(-1.,0.,0.));
#4068=DIRECTION('',(0.,1.,0.));
#4069=DIRECTION('',(0.,-1.,0.));
#4070=DIRECTION('center_axis',(0.,-1.,0.));
#4071=DIRECTION('ref_axis',(-1.,0.,0.));
#4072=DIRECTION('',(-1.,0.,0.));
#4073=DIRECTION('',(0.,0.,1.));
#4074=DIRECTION('',(-1.,0.,0.));
#4075=DIRECTION('',(0.,0.,-1.));
#4076=DIRECTION('center_axis',(0.,1.,0.));
#4077=DIRECTION('ref_axis',(1.,0.,0.));
#4078=DIRECTION('',(1.,0.,0.));
#4079=DIRECTION('',(0.,0.,1.));
#4080=DIRECTION('',(1.,0.,0.));
#4081=DIRECTION('',(0.,0.,-1.));
#4082=DIRECTION('center_axis',(0.,0.,-1.));
#4083=DIRECTION('ref_axis',(-1.,0.,0.));
#4084=DIRECTION('',(0.,1.,0.));
#4085=DIRECTION('',(0.,-1.,0.));
#4086=DIRECTION('center_axis',(0.,-1.,0.));
#4087=DIRECTION('ref_axis',(-1.,0.,0.));
#4088=DIRECTION('',(-1.,0.,0.));
#4089=DIRECTION('',(0.,0.,1.));
#4090=DIRECTION('',(-1.,0.,0.));
#4091=DIRECTION('',(0.,0.,-1.));
#4092=DIRECTION('center_axis',(0.,1.,0.));
#4093=DIRECTION('ref_axis',(1.,0.,0.));
#4094=DIRECTION('',(1.,0.,0.));
#4095=DIRECTION('',(0.,0.,1.));
#4096=DIRECTION('',(1.,0.,0.));
#4097=DIRECTION('',(0.,0.,-1.));
#4098=DIRECTION('center_axis',(0.,0.,-1.));
#4099=DIRECTION('ref_axis',(-1.,0.,0.));
#4100=DIRECTION('',(0.,1.,0.));
#4101=DIRECTION('',(0.,-1.,0.));
#4102=DIRECTION('center_axis',(0.,-1.,0.));
#4103=DIRECTION('ref_axis',(-1.,0.,0.));
#4104=DIRECTION('',(-1.,0.,0.));
#4105=DIRECTION('',(0.,0.,1.));
#4106=DIRECTION('',(-1.,0.,0.));
#4107=DIRECTION('',(0.,0.,-1.));
#4108=DIRECTION('center_axis',(0.,1.,0.));
#4109=DIRECTION('ref_axis',(1.,0.,0.));
#4110=DIRECTION('',(1.,0.,0.));
#4111=DIRECTION('',(0.,0.,1.));
#4112=DIRECTION('',(1.,0.,0.));
#4113=DIRECTION('',(0.,0.,-1.));
#4114=DIRECTION('center_axis',(0.,0.,-1.));
#4115=DIRECTION('ref_axis',(-1.,0.,0.));
#4116=DIRECTION('',(0.,1.,0.));
#4117=DIRECTION('',(0.,-1.,0.));
#4118=DIRECTION('center_axis',(0.,-1.,0.));
#4119=DIRECTION('ref_axis',(-1.,0.,0.));
#4120=DIRECTION('',(-1.,0.,0.));
#4121=DIRECTION('',(0.,0.,1.));
#4122=DIRECTION('',(-1.,0.,0.));
#4123=DIRECTION('',(0.,0.,-1.));
#4124=DIRECTION('center_axis',(0.,1.,0.));
#4125=DIRECTION('ref_axis',(1.,0.,0.));
#4126=DIRECTION('',(1.,0.,0.));
#4127=DIRECTION('',(0.,0.,1.));
#4128=DIRECTION('',(1.,0.,0.));
#4129=DIRECTION('',(0.,0.,-1.));
#4130=DIRECTION('center_axis',(0.,0.,-1.));
#4131=DIRECTION('ref_axis',(-1.,0.,0.));
#4132=DIRECTION('',(0.,1.,0.));
#4133=DIRECTION('',(0.,-1.,0.));
#4134=DIRECTION('center_axis',(0.,-1.,0.));
#4135=DIRECTION('ref_axis',(-1.,0.,0.));
#4136=DIRECTION('',(-1.,0.,0.));
#4137=DIRECTION('',(0.,0.,1.));
#4138=DIRECTION('',(-1.,0.,0.));
#4139=DIRECTION('',(0.,0.,-1.));
#4140=DIRECTION('center_axis',(0.,1.,0.));
#4141=DIRECTION('ref_axis',(1.,0.,0.));
#4142=DIRECTION('',(1.,0.,0.));
#4143=DIRECTION('',(0.,0.,1.));
#4144=DIRECTION('',(1.,0.,0.));
#4145=DIRECTION('',(0.,0.,-1.));
#4146=DIRECTION('center_axis',(0.,0.,-1.));
#4147=DIRECTION('ref_axis',(-1.,0.,0.));
#4148=DIRECTION('',(0.,1.,0.));
#4149=DIRECTION('',(0.,-1.,0.));
#4150=DIRECTION('center_axis',(0.,-1.,0.));
#4151=DIRECTION('ref_axis',(-1.,0.,0.));
#4152=DIRECTION('',(-1.,0.,0.));
#4153=DIRECTION('',(0.,0.,1.));
#4154=DIRECTION('',(-1.,0.,0.));
#4155=DIRECTION('',(0.,0.,-1.));
#4156=DIRECTION('center_axis',(0.,1.,0.));
#4157=DIRECTION('ref_axis',(1.,0.,0.));
#4158=DIRECTION('',(1.,0.,0.));
#4159=DIRECTION('',(0.,0.,1.));
#4160=DIRECTION('',(1.,0.,0.));
#4161=DIRECTION('',(0.,0.,-1.));
#4162=DIRECTION('center_axis',(0.,0.,-1.));
#4163=DIRECTION('ref_axis',(-1.,0.,0.));
#4164=DIRECTION('',(0.,1.,0.));
#4165=DIRECTION('',(0.,-1.,0.));
#4166=DIRECTION('center_axis',(0.,-1.,0.));
#4167=DIRECTION('ref_axis',(-1.,0.,0.));
#4168=DIRECTION('',(-1.,0.,0.));
#4169=DIRECTION('',(0.,0.,1.));
#4170=DIRECTION('',(-1.,0.,0.));
#4171=DIRECTION('',(0.,0.,-1.));
#4172=DIRECTION('center_axis',(0.,1.,0.));
#4173=DIRECTION('ref_axis',(1.,0.,0.));
#4174=DIRECTION('',(1.,0.,0.));
#4175=DIRECTION('',(0.,0.,1.));
#4176=DIRECTION('',(1.,0.,0.));
#4177=DIRECTION('',(0.,0.,-1.));
#4178=DIRECTION('center_axis',(0.,0.,-1.));
#4179=DIRECTION('ref_axis',(-1.,0.,0.));
#4180=DIRECTION('',(0.,1.,0.));
#4181=DIRECTION('',(0.,-1.,0.));
#4182=DIRECTION('center_axis',(0.,-1.,0.));
#4183=DIRECTION('ref_axis',(-1.,0.,0.));
#4184=DIRECTION('',(-1.,0.,0.));
#4185=DIRECTION('',(0.,0.,1.));
#4186=DIRECTION('',(-1.,0.,0.));
#4187=DIRECTION('',(0.,0.,-1.));
#4188=DIRECTION('center_axis',(0.,1.,0.));
#4189=DIRECTION('ref_axis',(1.,0.,0.));
#4190=DIRECTION('',(1.,0.,0.));
#4191=DIRECTION('',(0.,0.,1.));
#4192=DIRECTION('',(1.,0.,0.));
#4193=DIRECTION('',(0.,0.,-1.));
#4194=DIRECTION('center_axis',(0.,0.,-1.));
#4195=DIRECTION('ref_axis',(-1.,0.,0.));
#4196=DIRECTION('',(0.,1.,0.));
#4197=DIRECTION('',(0.,-1.,0.));
#4198=DIRECTION('center_axis',(0.,-1.,0.));
#4199=DIRECTION('ref_axis',(-1.,0.,0.));
#4200=DIRECTION('',(-1.,0.,0.));
#4201=DIRECTION('',(0.,0.,1.));
#4202=DIRECTION('',(-1.,0.,0.));
#4203=DIRECTION('',(0.,0.,-1.));
#4204=DIRECTION('center_axis',(0.,1.,0.));
#4205=DIRECTION('ref_axis',(1.,0.,0.));
#4206=DIRECTION('',(1.,0.,0.));
#4207=DIRECTION('',(0.,0.,1.));
#4208=DIRECTION('',(1.,0.,0.));
#4209=DIRECTION('',(0.,0.,-1.));
#4210=DIRECTION('center_axis',(0.,0.,-1.));
#4211=DIRECTION('ref_axis',(-1.,0.,0.));
#4212=DIRECTION('',(0.,1.,0.));
#4213=DIRECTION('',(0.,-1.,0.));
#4214=DIRECTION('center_axis',(0.,-1.,0.));
#4215=DIRECTION('ref_axis',(-1.,0.,0.));
#4216=DIRECTION('',(-1.,0.,0.));
#4217=DIRECTION('',(0.,0.,1.));
#4218=DIRECTION('',(-1.,0.,0.));
#4219=DIRECTION('',(0.,0.,-1.));
#4220=DIRECTION('center_axis',(0.,1.,0.));
#4221=DIRECTION('ref_axis',(1.,0.,0.));
#4222=DIRECTION('',(1.,0.,0.));
#4223=DIRECTION('',(0.,0.,1.));
#4224=DIRECTION('',(1.,0.,0.));
#4225=DIRECTION('',(0.,0.,-1.));
#4226=DIRECTION('center_axis',(0.,0.,-1.));
#4227=DIRECTION('ref_axis',(-1.,0.,0.));
#4228=DIRECTION('',(0.,1.,0.));
#4229=DIRECTION('',(0.,-1.,0.));
#4230=DIRECTION('center_axis',(0.,-1.,0.));
#4231=DIRECTION('ref_axis',(-1.,0.,0.));
#4232=DIRECTION('',(-1.,0.,0.));
#4233=DIRECTION('',(0.,0.,1.));
#4234=DIRECTION('',(-1.,0.,0.));
#4235=DIRECTION('',(0.,0.,-1.));
#4236=DIRECTION('center_axis',(0.,1.,0.));
#4237=DIRECTION('ref_axis',(1.,0.,0.));
#4238=DIRECTION('',(1.,0.,0.));
#4239=DIRECTION('',(0.,0.,1.));
#4240=DIRECTION('',(1.,0.,0.));
#4241=DIRECTION('',(0.,0.,-1.));
#4242=DIRECTION('center_axis',(0.,0.,-1.));
#4243=DIRECTION('ref_axis',(-1.,0.,0.));
#4244=DIRECTION('',(0.,1.,0.));
#4245=DIRECTION('',(0.,-1.,0.));
#4246=DIRECTION('center_axis',(0.,-1.,0.));
#4247=DIRECTION('ref_axis',(-1.,0.,0.));
#4248=DIRECTION('',(-1.,0.,0.));
#4249=DIRECTION('',(0.,0.,1.));
#4250=DIRECTION('',(-1.,0.,0.));
#4251=DIRECTION('',(0.,0.,-1.));
#4252=DIRECTION('center_axis',(0.,1.,0.));
#4253=DIRECTION('ref_axis',(1.,0.,0.));
#4254=DIRECTION('',(1.,0.,0.));
#4255=DIRECTION('',(0.,0.,1.));
#4256=DIRECTION('',(1.,0.,0.));
#4257=DIRECTION('',(0.,0.,-1.));
#4258=DIRECTION('center_axis',(0.,0.,-1.));
#4259=DIRECTION('ref_axis',(-1.,0.,0.));
#4260=DIRECTION('',(0.,1.,0.));
#4261=DIRECTION('',(0.,-1.,0.));
#4262=DIRECTION('center_axis',(0.,-1.,0.));
#4263=DIRECTION('ref_axis',(-1.,0.,0.));
#4264=DIRECTION('',(-1.,0.,0.));
#4265=DIRECTION('',(0.,0.,1.));
#4266=DIRECTION('',(-1.,0.,0.));
#4267=DIRECTION('',(0.,0.,-1.));
#4268=DIRECTION('center_axis',(0.,1.,0.));
#4269=DIRECTION('ref_axis',(1.,0.,0.));
#4270=DIRECTION('',(1.,0.,0.));
#4271=DIRECTION('',(0.,0.,1.));
#4272=DIRECTION('',(1.,0.,0.));
#4273=DIRECTION('',(0.,0.,-1.));
#4274=DIRECTION('center_axis',(0.,0.,-1.));
#4275=DIRECTION('ref_axis',(-1.,0.,0.));
#4276=DIRECTION('',(0.,1.,0.));
#4277=DIRECTION('',(0.,-1.,0.));
#4278=DIRECTION('center_axis',(0.,-1.,0.));
#4279=DIRECTION('ref_axis',(-1.,0.,0.));
#4280=DIRECTION('',(-1.,0.,0.));
#4281=DIRECTION('',(0.,0.,1.));
#4282=DIRECTION('',(-1.,0.,0.));
#4283=DIRECTION('',(0.,0.,-1.));
#4284=DIRECTION('center_axis',(0.,1.,0.));
#4285=DIRECTION('ref_axis',(1.,0.,0.));
#4286=DIRECTION('',(1.,0.,0.));
#4287=DIRECTION('',(0.,0.,1.));
#4288=DIRECTION('',(1.,0.,0.));
#4289=DIRECTION('',(0.,0.,-1.));
#4290=DIRECTION('center_axis',(0.,0.,-1.));
#4291=DIRECTION('ref_axis',(-1.,0.,0.));
#4292=DIRECTION('',(0.,1.,0.));
#4293=DIRECTION('',(0.,-1.,0.));
#4294=DIRECTION('center_axis',(0.,-1.,0.));
#4295=DIRECTION('ref_axis',(-1.,0.,0.));
#4296=DIRECTION('',(-1.,0.,0.));
#4297=DIRECTION('',(0.,0.,1.));
#4298=DIRECTION('',(-1.,0.,0.));
#4299=DIRECTION('',(0.,0.,-1.));
#4300=DIRECTION('center_axis',(0.,1.,0.));
#4301=DIRECTION('ref_axis',(1.,0.,0.));
#4302=DIRECTION('',(1.,0.,0.));
#4303=DIRECTION('',(0.,0.,1.));
#4304=DIRECTION('',(1.,0.,0.));
#4305=DIRECTION('',(0.,0.,-1.));
#4306=DIRECTION('center_axis',(0.,0.,-1.));
#4307=DIRECTION('ref_axis',(-1.,0.,0.));
#4308=DIRECTION('',(0.,1.,0.));
#4309=DIRECTION('',(0.,-1.,0.));
#4310=DIRECTION('center_axis',(0.,-1.,0.));
#4311=DIRECTION('ref_axis',(-1.,0.,0.));
#4312=DIRECTION('',(-1.,0.,0.));
#4313=DIRECTION('',(0.,0.,1.));
#4314=DIRECTION('',(-1.,0.,0.));
#4315=DIRECTION('',(0.,0.,-1.));
#4316=DIRECTION('center_axis',(0.,1.,0.));
#4317=DIRECTION('ref_axis',(1.,0.,0.));
#4318=DIRECTION('',(1.,0.,0.));
#4319=DIRECTION('',(0.,0.,1.));
#4320=DIRECTION('',(1.,0.,0.));
#4321=DIRECTION('',(0.,0.,-1.));
#4322=DIRECTION('center_axis',(0.,0.,-1.));
#4323=DIRECTION('ref_axis',(-1.,0.,0.));
#4324=DIRECTION('',(0.,1.,0.));
#4325=DIRECTION('',(0.,-1.,0.));
#4326=DIRECTION('center_axis',(0.,-1.,0.));
#4327=DIRECTION('ref_axis',(-1.,0.,0.));
#4328=DIRECTION('',(-1.,0.,0.));
#4329=DIRECTION('',(0.,0.,1.));
#4330=DIRECTION('',(-1.,0.,0.));
#4331=DIRECTION('',(0.,0.,-1.));
#4332=DIRECTION('center_axis',(0.,1.,0.));
#4333=DIRECTION('ref_axis',(1.,0.,0.));
#4334=DIRECTION('',(1.,0.,0.));
#4335=DIRECTION('',(0.,0.,1.));
#4336=DIRECTION('',(1.,0.,0.));
#4337=DIRECTION('',(0.,0.,-1.));
#4338=DIRECTION('center_axis',(0.,0.,-1.));
#4339=DIRECTION('ref_axis',(-1.,0.,0.));
#4340=DIRECTION('',(0.,1.,0.));
#4341=DIRECTION('',(0.,-1.,0.));
#4342=DIRECTION('center_axis',(0.,-1.,0.));
#4343=DIRECTION('ref_axis',(-1.,0.,0.));
#4344=DIRECTION('',(-1.,0.,0.));
#4345=DIRECTION('',(0.,0.,1.));
#4346=DIRECTION('',(-1.,0.,0.));
#4347=DIRECTION('',(0.,0.,-1.));
#4348=DIRECTION('center_axis',(0.,1.,0.));
#4349=DIRECTION('ref_axis',(1.,0.,0.));
#4350=DIRECTION('',(1.,0.,0.));
#4351=DIRECTION('',(0.,0.,1.));
#4352=DIRECTION('',(1.,0.,0.));
#4353=DIRECTION('',(0.,0.,-1.));
#4354=DIRECTION('center_axis',(0.,0.,-1.));
#4355=DIRECTION('ref_axis',(-1.,0.,0.));
#4356=DIRECTION('',(0.,1.,0.));
#4357=DIRECTION('',(0.,-1.,0.));
#4358=DIRECTION('center_axis',(0.,-1.,0.));
#4359=DIRECTION('ref_axis',(-1.,0.,0.));
#4360=DIRECTION('',(-1.,0.,0.));
#4361=DIRECTION('',(0.,0.,1.));
#4362=DIRECTION('',(-1.,0.,0.));
#4363=DIRECTION('',(0.,0.,-1.));
#4364=DIRECTION('center_axis',(0.,1.,0.));
#4365=DIRECTION('ref_axis',(1.,0.,0.));
#4366=DIRECTION('',(1.,0.,0.));
#4367=DIRECTION('',(0.,0.,1.));
#4368=DIRECTION('',(1.,0.,0.));
#4369=DIRECTION('',(0.,0.,-1.));
#4370=DIRECTION('center_axis',(0.,0.,-1.));
#4371=DIRECTION('ref_axis',(-1.,0.,0.));
#4372=DIRECTION('',(0.,1.,0.));
#4373=DIRECTION('',(0.,-1.,0.));
#4374=DIRECTION('center_axis',(0.,-1.,0.));
#4375=DIRECTION('ref_axis',(-1.,0.,0.));
#4376=DIRECTION('',(-1.,0.,0.));
#4377=DIRECTION('',(0.,0.,1.));
#4378=DIRECTION('',(-1.,0.,0.));
#4379=DIRECTION('',(0.,0.,-1.));
#4380=DIRECTION('center_axis',(0.,1.,0.));
#4381=DIRECTION('ref_axis',(1.,0.,0.));
#4382=DIRECTION('',(1.,0.,0.));
#4383=DIRECTION('',(0.,0.,1.));
#4384=DIRECTION('',(1.,0.,0.));
#4385=DIRECTION('',(0.,0.,-1.));
#4386=DIRECTION('center_axis',(0.,0.,-1.));
#4387=DIRECTION('ref_axis',(-1.,0.,0.));
#4388=DIRECTION('',(0.,1.,0.));
#4389=DIRECTION('',(0.,-1.,0.));
#4390=DIRECTION('center_axis',(0.,-1.,0.));
#4391=DIRECTION('ref_axis',(-1.,0.,0.));
#4392=DIRECTION('',(-1.,0.,0.));
#4393=DIRECTION('',(0.,0.,1.));
#4394=DIRECTION('',(-1.,0.,0.));
#4395=DIRECTION('',(0.,0.,-1.));
#4396=DIRECTION('center_axis',(0.,1.,0.));
#4397=DIRECTION('ref_axis',(1.,0.,0.));
#4398=DIRECTION('',(1.,0.,0.));
#4399=DIRECTION('',(0.,0.,1.));
#4400=DIRECTION('',(1.,0.,0.));
#4401=DIRECTION('',(0.,0.,-1.));
#4402=DIRECTION('center_axis',(0.,0.,-1.));
#4403=DIRECTION('ref_axis',(-1.,0.,0.));
#4404=DIRECTION('',(0.,1.,0.));
#4405=DIRECTION('',(0.,-1.,0.));
#4406=DIRECTION('center_axis',(0.,-1.,0.));
#4407=DIRECTION('ref_axis',(-1.,0.,0.));
#4408=DIRECTION('',(-1.,0.,0.));
#4409=DIRECTION('',(0.,0.,1.));
#4410=DIRECTION('',(-1.,0.,0.));
#4411=DIRECTION('',(0.,0.,-1.));
#4412=DIRECTION('center_axis',(0.,1.,0.));
#4413=DIRECTION('ref_axis',(1.,0.,0.));
#4414=DIRECTION('',(1.,0.,0.));
#4415=DIRECTION('',(0.,0.,1.));
#4416=DIRECTION('',(1.,0.,0.));
#4417=DIRECTION('',(0.,0.,-1.));
#4418=DIRECTION('center_axis',(0.,0.,-1.));
#4419=DIRECTION('ref_axis',(-1.,0.,0.));
#4420=DIRECTION('',(0.,1.,0.));
#4421=DIRECTION('',(0.,-1.,0.));
#4422=DIRECTION('center_axis',(0.,-1.,0.));
#4423=DIRECTION('ref_axis',(-1.,0.,0.));
#4424=DIRECTION('',(-1.,0.,0.));
#4425=DIRECTION('',(0.,0.,1.));
#4426=DIRECTION('',(-1.,0.,0.));
#4427=DIRECTION('',(0.,0.,-1.));
#4428=DIRECTION('center_axis',(0.,1.,0.));
#4429=DIRECTION('ref_axis',(1.,0.,0.));
#4430=DIRECTION('',(1.,0.,0.));
#4431=DIRECTION('',(0.,0.,1.));
#4432=DIRECTION('',(1.,0.,0.));
#4433=DIRECTION('',(0.,0.,-1.));
#4434=DIRECTION('center_axis',(0.,0.,-1.));
#4435=DIRECTION('ref_axis',(-1.,0.,0.));
#4436=DIRECTION('',(0.,1.,0.));
#4437=DIRECTION('',(0.,-1.,0.));
#4438=DIRECTION('center_axis',(0.,-1.,0.));
#4439=DIRECTION('ref_axis',(-1.,0.,0.));
#4440=DIRECTION('',(-1.,0.,0.));
#4441=DIRECTION('',(0.,0.,1.));
#4442=DIRECTION('',(-1.,0.,0.));
#4443=DIRECTION('',(0.,0.,-1.));
#4444=DIRECTION('center_axis',(0.,1.,0.));
#4445=DIRECTION('ref_axis',(1.,0.,0.));
#4446=DIRECTION('',(1.,0.,0.));
#4447=DIRECTION('',(0.,0.,1.));
#4448=DIRECTION('',(1.,0.,0.));
#4449=DIRECTION('',(0.,0.,-1.));
#4450=DIRECTION('center_axis',(0.,0.,-1.));
#4451=DIRECTION('ref_axis',(-1.,0.,0.));
#4452=DIRECTION('',(0.,1.,0.));
#4453=DIRECTION('',(0.,-1.,0.));
#4454=DIRECTION('center_axis',(0.,-1.,0.));
#4455=DIRECTION('ref_axis',(-1.,0.,0.));
#4456=DIRECTION('',(-1.,0.,0.));
#4457=DIRECTION('',(0.,0.,1.));
#4458=DIRECTION('',(-1.,0.,0.));
#4459=DIRECTION('',(0.,0.,-1.));
#4460=DIRECTION('center_axis',(0.,1.,0.));
#4461=DIRECTION('ref_axis',(1.,0.,0.));
#4462=DIRECTION('',(1.,0.,0.));
#4463=DIRECTION('',(0.,0.,1.));
#4464=DIRECTION('',(1.,0.,0.));
#4465=DIRECTION('',(0.,0.,-1.));
#4466=DIRECTION('center_axis',(0.,0.,-1.));
#4467=DIRECTION('ref_axis',(-1.,0.,0.));
#4468=DIRECTION('',(0.,1.,0.));
#4469=DIRECTION('',(0.,-1.,0.));
#4470=DIRECTION('center_axis',(0.,-1.,0.));
#4471=DIRECTION('ref_axis',(-1.,0.,0.));
#4472=DIRECTION('',(-1.,0.,0.));
#4473=DIRECTION('',(0.,0.,1.));
#4474=DIRECTION('',(-1.,0.,0.));
#4475=DIRECTION('',(0.,0.,-1.));
#4476=DIRECTION('center_axis',(0.,1.,0.));
#4477=DIRECTION('ref_axis',(1.,0.,0.));
#4478=DIRECTION('',(1.,0.,0.));
#4479=DIRECTION('',(0.,0.,1.));
#4480=DIRECTION('',(1.,0.,0.));
#4481=DIRECTION('',(0.,0.,-1.));
#4482=DIRECTION('center_axis',(0.,0.,-1.));
#4483=DIRECTION('ref_axis',(-1.,0.,0.));
#4484=DIRECTION('',(0.,1.,0.));
#4485=DIRECTION('',(0.,-1.,0.));
#4486=DIRECTION('center_axis',(0.,1.,0.));
#4487=DIRECTION('ref_axis',(1.,0.,0.));
#4488=DIRECTION('',(1.,0.,0.));
#4489=DIRECTION('',(0.,0.,1.));
#4490=DIRECTION('',(1.,0.,0.));
#4491=DIRECTION('',(0.,0.,-1.));
#4492=DIRECTION('center_axis',(0.,-1.,0.));
#4493=DIRECTION('ref_axis',(-1.,0.,0.));
#4494=DIRECTION('',(-1.,0.,0.));
#4495=DIRECTION('',(0.,0.,1.));
#4496=DIRECTION('',(-1.,0.,0.));
#4497=DIRECTION('',(0.,0.,-1.));
#4498=DIRECTION('center_axis',(0.,0.,-1.));
#4499=DIRECTION('ref_axis',(-1.,0.,0.));
#4500=DIRECTION('',(0.,-1.,0.));
#4501=DIRECTION('',(0.,1.,0.));
#4502=DIRECTION('center_axis',(0.,0.,1.));
#4503=DIRECTION('ref_axis',(1.,0.,0.));
#4504=DIRECTION('',(0.,-1.,0.));
#4505=DIRECTION('',(1.,0.,0.));
#4506=DIRECTION('',(0.,1.,0.));
#4507=DIRECTION('center_axis',(0.,0.,1.));
#4508=DIRECTION('ref_axis',(1.,0.,0.));
#4509=DIRECTION('',(0.,1.,0.));
#4510=DIRECTION('',(-1.,0.,0.));
#4511=DIRECTION('',(0.,-1.,0.));
#4512=DIRECTION('center_axis',(0.,0.,1.));
#4513=DIRECTION('ref_axis',(1.,0.,0.));
#4514=DIRECTION('',(0.,-1.,0.));
#4515=DIRECTION('',(0.,1.,0.));
#4516=DIRECTION('center_axis',(0.,0.,1.));
#4517=DIRECTION('ref_axis',(1.,0.,0.));
#4518=DIRECTION('',(0.,-1.,0.));
#4519=DIRECTION('',(0.,1.,0.));
#4520=DIRECTION('center_axis',(0.,0.,1.));
#4521=DIRECTION('ref_axis',(1.,0.,0.));
#4522=DIRECTION('',(0.,-1.,0.));
#4523=DIRECTION('',(0.,1.,0.));
#4524=DIRECTION('center_axis',(0.,0.,1.));
#4525=DIRECTION('ref_axis',(1.,0.,0.));
#4526=DIRECTION('',(0.,-1.,0.));
#4527=DIRECTION('',(0.,1.,0.));
#4528=DIRECTION('center_axis',(0.,0.,1.));
#4529=DIRECTION('ref_axis',(1.,0.,0.));
#4530=DIRECTION('',(0.,-1.,0.));
#4531=DIRECTION('',(0.,1.,0.));
#4532=DIRECTION('center_axis',(0.,0.,1.));
#4533=DIRECTION('ref_axis',(1.,0.,0.));
#4534=DIRECTION('',(0.,-1.,0.));
#4535=DIRECTION('',(0.,1.,0.));
#4536=DIRECTION('center_axis',(0.,0.,1.));
#4537=DIRECTION('ref_axis',(1.,0.,0.));
#4538=DIRECTION('',(0.,-1.,0.));
#4539=DIRECTION('',(0.,1.,0.));
#4540=DIRECTION('center_axis',(0.,0.,1.));
#4541=DIRECTION('ref_axis',(1.,0.,0.));
#4542=DIRECTION('',(0.,1.,0.));
#4543=DIRECTION('',(0.,-1.,0.));
#4544=DIRECTION('center_axis',(0.,0.,1.));
#4545=DIRECTION('ref_axis',(1.,0.,0.));
#4546=DIRECTION('',(0.,1.,0.));
#4547=DIRECTION('',(0.,-1.,0.));
#4548=DIRECTION('center_axis',(0.,0.,1.));
#4549=DIRECTION('ref_axis',(1.,0.,0.));
#4550=DIRECTION('',(0.,1.,0.));
#4551=DIRECTION('',(0.,-1.,0.));
#4552=DIRECTION('center_axis',(0.,0.,1.));
#4553=DIRECTION('ref_axis',(1.,0.,0.));
#4554=DIRECTION('',(0.,1.,0.));
#4555=DIRECTION('',(0.,-1.,0.));
#4556=DIRECTION('center_axis',(0.,0.,1.));
#4557=DIRECTION('ref_axis',(1.,0.,0.));
#4558=DIRECTION('',(0.,1.,0.));
#4559=DIRECTION('',(0.,-1.,0.));
#4560=DIRECTION('center_axis',(0.,0.,1.));
#4561=DIRECTION('ref_axis',(1.,0.,0.));
#4562=DIRECTION('',(0.,1.,0.));
#4563=DIRECTION('',(0.,-1.,0.));
#4564=DIRECTION('center_axis',(0.,0.,1.));
#4565=DIRECTION('ref_axis',(1.,0.,0.));
#4566=DIRECTION('',(0.,1.,0.));
#4567=DIRECTION('',(0.,-1.,0.));
#4568=DIRECTION('center_axis',(0.,0.,1.));
#4569=DIRECTION('ref_axis',(1.,0.,0.));
#4570=DIRECTION('',(0.,1.,0.));
#4571=DIRECTION('',(0.,-1.,0.));
#4572=DIRECTION('center_axis',(0.,0.,1.));
#4573=DIRECTION('ref_axis',(1.,0.,0.));
#4574=DIRECTION('',(0.,-1.,0.));
#4575=DIRECTION('',(0.,1.,0.));
#4576=DIRECTION('center_axis',(0.,0.,1.));
#4577=DIRECTION('ref_axis',(1.,0.,0.));
#4578=DIRECTION('',(0.,1.,0.));
#4579=DIRECTION('',(0.,-1.,0.));
#4580=DIRECTION('center_axis',(0.,0.,1.));
#4581=DIRECTION('ref_axis',(1.,0.,0.));
#4582=DIRECTION('',(0.,-1.,0.));
#4583=DIRECTION('',(0.,1.,0.));
#4584=DIRECTION('center_axis',(0.,0.,1.));
#4585=DIRECTION('ref_axis',(1.,0.,0.));
#4586=DIRECTION('',(0.,1.,0.));
#4587=DIRECTION('',(0.,-1.,0.));
#4588=DIRECTION('center_axis',(0.,0.,1.));
#4589=DIRECTION('ref_axis',(1.,0.,0.));
#4590=DIRECTION('',(0.,-1.,0.));
#4591=DIRECTION('',(0.,1.,0.));
#4592=DIRECTION('center_axis',(0.,0.,1.));
#4593=DIRECTION('ref_axis',(1.,0.,0.));
#4594=DIRECTION('',(0.,1.,0.));
#4595=DIRECTION('',(0.,-1.,0.));
#4596=DIRECTION('center_axis',(0.,0.,1.));
#4597=DIRECTION('ref_axis',(1.,0.,0.));
#4598=DIRECTION('',(0.,-1.,0.));
#4599=DIRECTION('',(0.,1.,0.));
#4600=DIRECTION('center_axis',(0.,0.,1.));
#4601=DIRECTION('ref_axis',(1.,0.,0.));
#4602=DIRECTION('',(0.,1.,0.));
#4603=DIRECTION('',(0.,-1.,0.));
#4604=DIRECTION('center_axis',(0.,0.,1.));
#4605=DIRECTION('ref_axis',(1.,0.,0.));
#4606=DIRECTION('',(0.,-1.,0.));
#4607=DIRECTION('',(0.,1.,0.));
#4608=DIRECTION('center_axis',(0.,0.,1.));
#4609=DIRECTION('ref_axis',(1.,0.,0.));
#4610=DIRECTION('',(0.,1.,0.));
#4611=DIRECTION('',(0.,-1.,0.));
#4612=DIRECTION('center_axis',(0.,0.,1.));
#4613=DIRECTION('ref_axis',(1.,0.,0.));
#4614=DIRECTION('',(0.,-1.,0.));
#4615=DIRECTION('',(0.,1.,0.));
#4616=DIRECTION('center_axis',(0.,0.,1.));
#4617=DIRECTION('ref_axis',(1.,0.,0.));
#4618=DIRECTION('',(0.,1.,0.));
#4619=DIRECTION('',(0.,-1.,0.));
#4620=DIRECTION('center_axis',(0.,0.,1.));
#4621=DIRECTION('ref_axis',(1.,0.,0.));
#4622=DIRECTION('',(0.,-1.,0.));
#4623=DIRECTION('',(0.,1.,0.));
#4624=DIRECTION('center_axis',(-1.,0.,0.));
#4625=DIRECTION('ref_axis',(0.,-1.,0.));
#4626=DIRECTION('',(0.,0.,1.));
#4627=DIRECTION('',(0.,-1.,0.));
#4628=DIRECTION('',(0.,0.,1.));
#4629=DIRECTION('center_axis',(1.,0.,0.));
#4630=DIRECTION('ref_axis',(0.,1.,0.));
#4631=DIRECTION('',(0.,0.,1.));
#4632=DIRECTION('',(0.,-1.,0.));
#4633=DIRECTION('',(0.,0.,1.));
#4634=DIRECTION('center_axis',(0.,-1.,0.));
#4635=DIRECTION('ref_axis',(1.,0.,0.));
#4636=DIRECTION('',(-1.,0.,0.));
#4637=DIRECTION('center_axis',(0.,1.,0.));
#4638=DIRECTION('ref_axis',(-1.,0.,0.));
#4639=DIRECTION('',(-1.,0.,0.));
#4640=DIRECTION('center_axis',(0.,0.,1.));
#4641=DIRECTION('ref_axis',(-1.,0.,0.));
#4642=CARTESIAN_POINT('',(0.,0.,0.));
#4643=CARTESIAN_POINT('Origin',(31.6,-56.9,0.));
#4644=CARTESIAN_POINT('',(31.6,-56.9,0.));
#4645=CARTESIAN_POINT('',(-31.6,-56.9,0.));
#4646=CARTESIAN_POINT('',(31.6,-56.9,0.));
#4647=CARTESIAN_POINT('',(-31.6,-56.9,-0.7));
#4648=CARTESIAN_POINT('',(-31.6,-56.9,0.));
#4649=CARTESIAN_POINT('',(31.6,-56.9,-0.7));
#4650=CARTESIAN_POINT('',(31.6,-56.9,-0.7));
#4651=CARTESIAN_POINT('',(31.6,-56.9,0.));
#4652=CARTESIAN_POINT('Origin',(31.6,-55.1,0.));
#4653=CARTESIAN_POINT('',(33.4,-55.1,0.));
#4654=CARTESIAN_POINT('Origin',(31.6,-55.1,0.));
#4655=CARTESIAN_POINT('',(33.4,-55.1,-0.7));
#4656=CARTESIAN_POINT('Origin',(31.6,-55.1,-0.7));
#4657=CARTESIAN_POINT('',(33.4,-55.1,0.));
#4658=CARTESIAN_POINT('Origin',(33.4,55.7,0.));
#4659=CARTESIAN_POINT('',(33.4,55.7,0.));
#4660=CARTESIAN_POINT('',(33.4,55.7,0.));
#4661=CARTESIAN_POINT('',(33.4,55.7,-0.7));
#4662=CARTESIAN_POINT('',(33.4,55.7,-0.7));
#4663=CARTESIAN_POINT('',(33.4,55.7,0.));
#4664=CARTESIAN_POINT('Origin',(31.6,55.7,0.));
#4665=CARTESIAN_POINT('',(31.6,57.5,0.));
#4666=CARTESIAN_POINT('Origin',(31.6,55.7,0.));
#4667=CARTESIAN_POINT('',(31.6,57.5,-0.7));
#4668=CARTESIAN_POINT('Origin',(31.6,55.7,-0.7));
#4669=CARTESIAN_POINT('',(31.6,57.5,0.));
#4670=CARTESIAN_POINT('Origin',(-31.6,57.5,0.));
#4671=CARTESIAN_POINT('',(-31.6,57.5,0.));
#4672=CARTESIAN_POINT('',(-31.6,57.5,0.));
#4673=CARTESIAN_POINT('',(-31.6,57.5,-0.7));
#4674=CARTESIAN_POINT('',(-31.6,57.5,-0.7));
#4675=CARTESIAN_POINT('',(-31.6,57.5,0.));
#4676=CARTESIAN_POINT('Origin',(-31.6,55.7,0.));
#4677=CARTESIAN_POINT('',(-33.4,55.7,0.));
#4678=CARTESIAN_POINT('Origin',(-31.6,55.7,0.));
#4679=CARTESIAN_POINT('',(-33.4,55.7,-0.7));
#4680=CARTESIAN_POINT('Origin',(-31.6,55.7,-0.7));
#4681=CARTESIAN_POINT('',(-33.4,55.7,0.));
#4682=CARTESIAN_POINT('Origin',(-33.4,-55.1,0.));
#4683=CARTESIAN_POINT('',(-33.4,-55.1,0.));
#4684=CARTESIAN_POINT('',(-33.4,-55.1,0.));
#4685=CARTESIAN_POINT('',(-33.4,-55.1,-0.7));
#4686=CARTESIAN_POINT('',(-33.4,-55.1,-0.7));
#4687=CARTESIAN_POINT('',(-33.4,-55.1,0.));
#4688=CARTESIAN_POINT('Origin',(-31.6,-55.1,0.));
#4689=CARTESIAN_POINT('Origin',(-31.6,-55.1,0.));
#4690=CARTESIAN_POINT('Origin',(-31.6,-55.1,-0.7));
#4691=CARTESIAN_POINT('Origin',(4.44089209850063E-15,0.300000000000002,
0.));
#4692=CARTESIAN_POINT('Origin',(4.44089209850063E-15,0.300000000000002,
-0.7));
#4693=CARTESIAN_POINT('Origin',(4.44089209850063E-15,-1.82000000000001,
-0.6));
#4694=CARTESIAN_POINT('',(-30.,-53.07,-0.6));
#4695=CARTESIAN_POINT('',(30.,-53.07,-0.6));
#4696=CARTESIAN_POINT('',(30.,-53.07,-0.6));
#4697=CARTESIAN_POINT('',(30.,49.43,-0.6));
#4698=CARTESIAN_POINT('',(30.,49.43,-0.6));
#4699=CARTESIAN_POINT('',(-30.,49.43,-0.6));
#4700=CARTESIAN_POINT('',(-30.,49.43,-0.6));
#4701=CARTESIAN_POINT('',(-30.,-53.07,-0.6));
#4702=CARTESIAN_POINT('Origin',(30.,49.43,-0.7));
#4703=CARTESIAN_POINT('',(30.,-53.07,-0.87));
#4704=CARTESIAN_POINT('',(30.,-53.07,-0.7));
#4705=CARTESIAN_POINT('',(30.,49.43,-0.87));
#4706=CARTESIAN_POINT('',(30.,49.43,-0.87));
#4707=CARTESIAN_POINT('',(30.,49.43,-0.7));
#4708=CARTESIAN_POINT('Origin',(-30.,49.43,-0.7));
#4709=CARTESIAN_POINT('',(-30.,49.43,-0.87));
#4710=CARTESIAN_POINT('',(-30.,49.43,-0.87));
#4711=CARTESIAN_POINT('',(-30.,49.43,-0.7));
#4712=CARTESIAN_POINT('Origin',(-30.,-53.07,-0.7));
#4713=CARTESIAN_POINT('',(-30.,-53.07,-0.87));
#4714=CARTESIAN_POINT('',(-30.,-53.07,-0.87));
#4715=CARTESIAN_POINT('',(-30.,-53.07,-0.7));
#4716=CARTESIAN_POINT('Origin',(30.,-53.07,-0.7));
#4717=CARTESIAN_POINT('',(30.,-53.07,-0.87));
#4718=CARTESIAN_POINT('Origin',(4.44089209850063E-15,-1.82000000000001,
-0.87));
#4719=CARTESIAN_POINT('Origin',(30.,49.43,-0.87));
#4720=CARTESIAN_POINT('',(30.,49.43,-0.87));
#4721=CARTESIAN_POINT('',(30.,-53.07,-0.87));
#4722=CARTESIAN_POINT('',(30.,49.43,-0.87));
#4723=CARTESIAN_POINT('',(30.,-53.07,-3.12));
#4724=CARTESIAN_POINT('',(30.,-53.07,-0.87));
#4725=CARTESIAN_POINT('',(30.,49.43,-3.12));
#4726=CARTESIAN_POINT('',(30.,49.43,-3.12));
#4727=CARTESIAN_POINT('',(30.,49.43,-0.87));
#4728=CARTESIAN_POINT('Origin',(-30.,49.43,-0.87));
#4729=CARTESIAN_POINT('',(-30.,49.43,-0.87));
#4730=CARTESIAN_POINT('',(-30.,49.43,-0.87));
#4731=CARTESIAN_POINT('',(-30.,49.43,-3.12));
#4732=CARTESIAN_POINT('',(-30.,49.43,-3.12));
#4733=CARTESIAN_POINT('',(-30.,49.43,-0.87));
#4734=CARTESIAN_POINT('Origin',(-30.,-53.07,-0.87));
#4735=CARTESIAN_POINT('',(-30.,-53.07,-0.87));
#4736=CARTESIAN_POINT('',(-30.,-53.07,-0.87));
#4737=CARTESIAN_POINT('',(-30.,-53.07,-3.12));
#4738=CARTESIAN_POINT('',(-30.,-53.07,-3.12));
#4739=CARTESIAN_POINT('',(-30.,-53.07,-0.87));
#4740=CARTESIAN_POINT('Origin',(30.,-53.07,-0.87));
#4741=CARTESIAN_POINT('',(30.,-53.07,-0.87));
#4742=CARTESIAN_POINT('',(30.,-53.07,-3.12));
#4743=CARTESIAN_POINT('Origin',(4.44089209850063E-15,-1.82000000000001,
-0.87));
#4744=CARTESIAN_POINT('Origin',(4.44089209850063E-15,-1.82000000000001,
-3.12));
#4745=CARTESIAN_POINT('Origin',(4.44089209850063E-15,0.300000000000002,
-0.5));
#4746=CARTESIAN_POINT('',(33.4,55.7,-0.5));
#4747=CARTESIAN_POINT('',(31.6,57.5,-0.5));
#4748=CARTESIAN_POINT('Origin',(31.6,55.7,-0.5));
#4749=CARTESIAN_POINT('',(-31.6,57.5,-0.5));
#4750=CARTESIAN_POINT('',(31.6,57.5,-0.5));
#4751=CARTESIAN_POINT('',(-33.4,55.7,-0.5));
#4752=CARTESIAN_POINT('Origin',(-31.6,55.7,-0.5));
#4753=CARTESIAN_POINT('',(-33.4,-55.1,-0.5));
#4754=CARTESIAN_POINT('',(-33.4,55.7,-0.5));
#4755=CARTESIAN_POINT('',(-31.6,-56.9,-0.5));
#4756=CARTESIAN_POINT('Origin',(-31.6,-55.1,-0.5));
#4757=CARTESIAN_POINT('',(31.6,-56.9,-0.5));
#4758=CARTESIAN_POINT('',(-31.6,-56.9,-0.5));
#4759=CARTESIAN_POINT('',(33.4,-55.1,-0.5));
#4760=CARTESIAN_POINT('Origin',(31.6,-55.1,-0.5));
#4761=CARTESIAN_POINT('',(33.4,-55.1,-0.5));
#4762=CARTESIAN_POINT('',(25.95,46.5,-0.5));
#4763=CARTESIAN_POINT('',(27.75,44.7,-0.5));
#4764=CARTESIAN_POINT('Origin',(25.95,44.7,-0.5));
#4765=CARTESIAN_POINT('',(27.75,-44.7,-0.5));
#4766=CARTESIAN_POINT('',(27.75,-44.7,-0.5));
#4767=CARTESIAN_POINT('',(25.95,-46.5,-0.5));
#4768=CARTESIAN_POINT('Origin',(25.95,-44.7,-0.5));
#4769=CARTESIAN_POINT('',(-25.95,-46.5,-0.5));
#4770=CARTESIAN_POINT('',(-25.95,-46.5,-0.5));
#4771=CARTESIAN_POINT('',(-27.75,-44.7,-0.5));
#4772=CARTESIAN_POINT('Origin',(-25.95,-44.7,-0.5));
#4773=CARTESIAN_POINT('',(-27.75,44.7,-0.5));
#4774=CARTESIAN_POINT('',(-27.75,44.7,-0.5));
#4775=CARTESIAN_POINT('',(-25.95,46.5,-0.5));
#4776=CARTESIAN_POINT('Origin',(-25.95,44.7,-0.5));
#4777=CARTESIAN_POINT('',(25.95,46.5,-0.5));
#4778=CARTESIAN_POINT('Origin',(-25.95,46.5,-0.7));
#4779=CARTESIAN_POINT('',(25.95,46.5,-0.7));
#4780=CARTESIAN_POINT('',(-25.95,46.5,-0.7));
#4781=CARTESIAN_POINT('',(25.95,46.5,-0.7));
#4782=CARTESIAN_POINT('',(25.95,46.5,-0.7));
#4783=CARTESIAN_POINT('',(-25.95,46.5,-0.7));
#4784=CARTESIAN_POINT('Origin',(-25.95,44.7,-0.7));
#4785=CARTESIAN_POINT('',(-27.75,44.7,-0.7));
#4786=CARTESIAN_POINT('Origin',(-25.95,44.7,-0.7));
#4787=CARTESIAN_POINT('',(-27.75,44.7,-0.7));
#4788=CARTESIAN_POINT('Origin',(-27.75,-44.7,-0.7));
#4789=CARTESIAN_POINT('',(-27.75,-44.7,-0.7));
#4790=CARTESIAN_POINT('',(-27.75,44.7,-0.7));
#4791=CARTESIAN_POINT('',(-27.75,-44.7,-0.7));
#4792=CARTESIAN_POINT('Origin',(-25.95,-44.7,-0.7));
#4793=CARTESIAN_POINT('',(-25.95,-46.5,-0.7));
#4794=CARTESIAN_POINT('Origin',(-25.95,-44.7,-0.7));
#4795=CARTESIAN_POINT('',(-25.95,-46.5,-0.7));
#4796=CARTESIAN_POINT('Origin',(25.95,-46.5,-0.7));
#4797=CARTESIAN_POINT('',(25.95,-46.5,-0.7));
#4798=CARTESIAN_POINT('',(-25.95,-46.5,-0.7));
#4799=CARTESIAN_POINT('',(25.95,-46.5,-0.7));
#4800=CARTESIAN_POINT('Origin',(25.95,-44.7,-0.7));
#4801=CARTESIAN_POINT('',(27.75,-44.7,-0.7));
#4802=CARTESIAN_POINT('Origin',(25.95,-44.7,-0.7));
#4803=CARTESIAN_POINT('',(27.75,-44.7,-0.7));
#4804=CARTESIAN_POINT('Origin',(27.75,44.7,-0.7));
#4805=CARTESIAN_POINT('',(27.75,44.7,-0.7));
#4806=CARTESIAN_POINT('',(27.75,-44.7,-0.7));
#4807=CARTESIAN_POINT('',(27.75,44.7,-0.7));
#4808=CARTESIAN_POINT('Origin',(25.95,44.7,-0.7));
#4809=CARTESIAN_POINT('Origin',(25.95,44.7,-0.7));
#4810=CARTESIAN_POINT('Origin',(33.4,-55.1,-0.7));
#4811=CARTESIAN_POINT('',(33.4,-55.1,-0.7));
#4812=CARTESIAN_POINT('',(33.4,55.7,-0.7));
#4813=CARTESIAN_POINT('',(33.4,-55.1,-0.7));
#4814=CARTESIAN_POINT('',(33.4,55.7,-0.7));
#4815=CARTESIAN_POINT('',(33.4,-55.1,-0.7));
#4816=CARTESIAN_POINT('Origin',(31.6,-55.1,-0.7));
#4817=CARTESIAN_POINT('',(31.6,-56.9,-0.7));
#4818=CARTESIAN_POINT('Origin',(31.6,-55.1,-0.7));
#4819=CARTESIAN_POINT('',(31.6,-56.9,-0.7));
#4820=CARTESIAN_POINT('Origin',(-31.6,-56.9,-0.7));
#4821=CARTESIAN_POINT('',(-31.6,-56.9,-0.7));
#4822=CARTESIAN_POINT('',(-31.6,-56.9,-0.7));
#4823=CARTESIAN_POINT('',(-31.6,-56.9,-0.7));
#4824=CARTESIAN_POINT('Origin',(-31.6,-55.1,-0.7));
#4825=CARTESIAN_POINT('',(-33.4,-55.1,-0.7));
#4826=CARTESIAN_POINT('Origin',(-31.6,-55.1,-0.7));
#4827=CARTESIAN_POINT('',(-33.4,-55.1,-0.7));
#4828=CARTESIAN_POINT('Origin',(-33.4,55.7,-0.7));
#4829=CARTESIAN_POINT('',(-33.4,55.7,-0.7));
#4830=CARTESIAN_POINT('',(-33.4,55.7,-0.7));
#4831=CARTESIAN_POINT('',(-33.4,55.7,-0.7));
#4832=CARTESIAN_POINT('Origin',(-31.6,55.7,-0.7));
#4833=CARTESIAN_POINT('',(-31.6,57.5,-0.7));
#4834=CARTESIAN_POINT('Origin',(-31.6,55.7,-0.7));
#4835=CARTESIAN_POINT('',(-31.6,57.5,-0.7));
#4836=CARTESIAN_POINT('Origin',(31.6,57.5,-0.7));
#4837=CARTESIAN_POINT('',(31.6,57.5,-0.7));
#4838=CARTESIAN_POINT('',(31.6,57.5,-0.7));
#4839=CARTESIAN_POINT('',(31.6,57.5,-0.7));
#4840=CARTESIAN_POINT('Origin',(31.6,55.7,-0.7));
#4841=CARTESIAN_POINT('Origin',(31.6,55.7,-0.7));
#4842=CARTESIAN_POINT('Origin',(4.44089209850063E-15,0.300000000000002,
-0.7));
#4843=CARTESIAN_POINT('Origin',(-14.0000002086163,-53.4700000000001,-6.04039020638425));
#4844=CARTESIAN_POINT('',(-14.0000002086163,-53.27,-2.91999999999999));
#4845=CARTESIAN_POINT('',(-14.0000002086163,-53.47,-2.91999999999998));
#4846=CARTESIAN_POINT('',(-14.0000002086163,-51.81,-2.92000000000002));
#4847=CARTESIAN_POINT('',(-14.0000002086162,-53.47,-1.1103893421169));
#4848=CARTESIAN_POINT('',(-14.0000002086163,-53.4699999999999,1.45960990537446));
#4849=CARTESIAN_POINT('',(-14.0000002086162,-53.27,-1.11038934211691));
#4850=CARTESIAN_POINT('',(-14.0000002086162,-53.47,-1.1103893421169));
#4851=CARTESIAN_POINT('',(-14.0000002086163,-53.2699999999999,1.45960990537445));
#4852=CARTESIAN_POINT('Origin',(4.44089209850063E-15,-53.07,-2.92));
#4853=CARTESIAN_POINT('',(14.0000002086163,-53.27,-2.91999999999999));
#4854=CARTESIAN_POINT('',(-10.181303323166,-53.27,-2.91999999999999));
#4855=CARTESIAN_POINT('',(14.0000002086163,-53.07,-3.12));
#4856=CARTESIAN_POINT('Origin',(14.0000002086163,-53.07,-2.92));
#4857=CARTESIAN_POINT('',(-14.0000002086163,-53.07,-3.12));
#4858=CARTESIAN_POINT('',(-10.181303323166,-53.07,-3.12));
#4859=CARTESIAN_POINT('Origin',(-14.0000002086163,-53.07,-2.92));
#4860=CARTESIAN_POINT('Origin',(14.0000002086163,-53.47,-2.91999999999999));
#4861=CARTESIAN_POINT('',(14.0000002086163,-53.47,-2.91999999999998));
#4862=CARTESIAN_POINT('',(14.0000002086163,-51.81,-2.92000000000002));
#4863=CARTESIAN_POINT('',(14.0000002086163,-53.07,-3.32));
#4864=CARTESIAN_POINT('Origin',(14.0000002086163,-53.07,-2.92));
#4865=CARTESIAN_POINT('',(14.0000002086163,-53.07,-1.66));
#4866=CARTESIAN_POINT('Origin',(-20.362606646332,-53.4700000000002,-13.3053893421169));
#4867=CARTESIAN_POINT('',(-10.181303323166,-53.47,-2.91999999999998));
#4868=CARTESIAN_POINT('',(14.0000002086163,-53.47,-1.1103893421169));
#4869=CARTESIAN_POINT('',(14.0000002086163,-53.4699999999999,1.45960990537446));
#4870=CARTESIAN_POINT('',(30.,-53.47,-1.11038934211691));
#4871=CARTESIAN_POINT('Origin',(-20.362606646332,-53.2700000000002,-13.3053893421169));
#4872=CARTESIAN_POINT('',(14.0000002086163,-53.27,-1.11038934211691));
#4873=CARTESIAN_POINT('',(30.,-53.27,-1.11038934211692));
#4874=CARTESIAN_POINT('',(14.0000002086163,-53.2699999999999,1.45960990537445));
#4875=CARTESIAN_POINT('Origin',(14.0000002086163,-55.332,-3.32));
#4876=CARTESIAN_POINT('',(14.0000002086163,-30.942,-3.32));
#4877=CARTESIAN_POINT('',(14.0000002086163,-57.9019992474914,-3.32));
#4878=CARTESIAN_POINT('',(14.0000002086163,-30.942,-3.12));
#4879=CARTESIAN_POINT('',(14.0000002086163,-30.942,-3.32));
#4880=CARTESIAN_POINT('',(14.0000002086163,-57.9019992474914,-3.12));
#4881=CARTESIAN_POINT('Origin',(-20.362606646332,-43.137,-3.32));
#4882=CARTESIAN_POINT('',(-14.0000002086163,-53.07,-3.32));
#4883=CARTESIAN_POINT('',(-10.181303323166,-53.07,-3.32));
#4884=CARTESIAN_POINT('',(-14.0000002086163,-50.4019991357327,-3.32));
#4885=CARTESIAN_POINT('',(-14.0000002086163,-57.9019992474914,-3.32));
#4886=CARTESIAN_POINT('',(-22.0000003278255,-50.4019991357327,-3.32));
#4887=CARTESIAN_POINT('',(-14.0000002086163,-50.4019991357327,-3.32));
#4888=CARTESIAN_POINT('',(-24.2271828647963,-46.4417851189174,-3.32));
#4889=CARTESIAN_POINT('',(-22.0000003278255,-50.4019991357327,-3.32));
#4890=CARTESIAN_POINT('',(-54.7252135012802,-46.4417851189174,-3.32));
#4891=CARTESIAN_POINT('',(-24.2271828647963,-46.4417851189174,-3.32));
#4892=CARTESIAN_POINT('',(-54.7252135012802,-30.942,-3.32));
#4893=CARTESIAN_POINT('',(-54.7252135012802,-46.4417851189174,-3.32));
#4894=CARTESIAN_POINT('',(14.0000002086163,-30.942,-3.32));
#4895=CARTESIAN_POINT('Origin',(-14.0000002086163,-53.27,-2.91999999999999));
#4896=CARTESIAN_POINT('',(-14.0000002086163,-53.07,-1.66));
#4897=CARTESIAN_POINT('Origin',(-14.0000002086163,-53.07,-2.92));
#4898=CARTESIAN_POINT('Origin',(-14.0000002086163,-50.4019991357327,-3.32));
#4899=CARTESIAN_POINT('',(-14.0000002086163,-50.4019991357327,-3.12));
#4900=CARTESIAN_POINT('',(-14.0000002086163,-57.9019992474914,-3.12));
#4901=CARTESIAN_POINT('',(-14.0000002086163,-50.4019991357327,-3.32));
#4902=CARTESIAN_POINT('Origin',(-22.0000003278255,-50.4019991357327,-3.32));
#4903=CARTESIAN_POINT('',(-22.0000003278255,-50.4019991357327,-3.12));
#4904=CARTESIAN_POINT('',(-14.0000002086163,-50.4019991357327,-3.12));
#4905=CARTESIAN_POINT('',(-22.0000003278255,-50.4019991357327,-3.32));
#4906=CARTESIAN_POINT('Origin',(-24.2271828647963,-46.4417851189174,-3.32));
#4907=CARTESIAN_POINT('',(-24.2271828647963,-46.4417851189174,-3.12));
#4908=CARTESIAN_POINT('',(-22.0000003278255,-50.4019991357327,-3.12));
#4909=CARTESIAN_POINT('',(-24.2271828647963,-46.4417851189174,-3.32));
#4910=CARTESIAN_POINT('Origin',(-54.7252135012802,-46.4417851189174,-3.32));
#4911=CARTESIAN_POINT('',(-54.7252135012802,-46.4417851189174,-3.12));
#4912=CARTESIAN_POINT('',(-24.2271828647963,-46.4417851189174,-3.12));
#4913=CARTESIAN_POINT('',(-54.7252135012802,-46.4417851189174,-3.32));
#4914=CARTESIAN_POINT('Origin',(-54.7252135012802,-30.942,-3.32));
#4915=CARTESIAN_POINT('',(-54.7252135012802,-30.942,-3.12));
#4916=CARTESIAN_POINT('',(-54.7252135012802,-46.4417851189174,-3.12));
#4917=CARTESIAN_POINT('',(-54.7252135012802,-30.942,-3.32));
#4918=CARTESIAN_POINT('Origin',(14.0000002086163,-30.942,-3.32));
#4919=CARTESIAN_POINT('',(14.0000002086163,-30.942,-3.12));
#4920=CARTESIAN_POINT('Origin',(14.0000002086163,-53.47,-1.1103893421169));
#4921=CARTESIAN_POINT('',(14.0000002086163,-53.47,-1.1103893421169));
#4922=CARTESIAN_POINT('Origin',(-14.0000002086162,-53.47,-1.1103893421169));
#4923=CARTESIAN_POINT('Origin',(4.44089209850063E-15,-53.07,-2.92));
#4924=CARTESIAN_POINT('Origin',(-20.362606646332,-43.137,-3.12));
#4925=CARTESIAN_POINT('Origin',(-49.7252135012802,-44.9573023602967,-2.92));
#4926=CARTESIAN_POINT('',(-49.7252135012802,-44.9573023602967,-2.92));
#4927=CARTESIAN_POINT('',(-54.7252135012802,-44.9573023602967,-2.92));
#4928=CARTESIAN_POINT('',(-50.9752135012802,-44.9573023602967,-2.92));
#4929=CARTESIAN_POINT('',(-49.7252135012802,-44.9573023602967,-2.97));
#4930=CARTESIAN_POINT('',(-49.7252135012802,-44.9573023602967,-3.02));
#4931=CARTESIAN_POINT('',(-54.7252135012802,-44.9573023602967,-2.97));
#4932=CARTESIAN_POINT('',(-54.7252135012802,-44.9573023602967,-2.97));
#4933=CARTESIAN_POINT('',(-54.7252135012802,-44.9573023602967,-3.02));
#4934=CARTESIAN_POINT('Origin',(-54.7252135012802,-44.8573023602967,-2.92));
#4935=CARTESIAN_POINT('',(-54.7252135012802,-44.8573023602967,-2.92));
#4936=CARTESIAN_POINT('',(-49.7252135012802,-44.8573023602967,-2.92));
#4937=CARTESIAN_POINT('',(-53.4752135012802,-44.8573023602967,-2.92));
#4938=CARTESIAN_POINT('',(-54.7252135012802,-44.8573023602967,-2.97));
#4939=CARTESIAN_POINT('',(-54.7252135012802,-44.8573023602967,-3.02));
#4940=CARTESIAN_POINT('',(-49.7252135012802,-44.8573023602967,-2.97));
#4941=CARTESIAN_POINT('',(-54.7252135012802,-44.8573023602967,-2.97));
#4942=CARTESIAN_POINT('',(-49.7252135012802,-44.8573023602967,-3.02));
#4943=CARTESIAN_POINT('Origin',(-52.2252135012802,-44.9073023602967,-2.97));
#4944=CARTESIAN_POINT('',(-54.7252135012802,-37.9246511801484,-2.97));
#4945=CARTESIAN_POINT('',(-49.7252135012802,-45.674543739607,-2.97));
#4946=CARTESIAN_POINT('Origin',(-49.7252135012802,-42.8883368430553,-2.92));
#4947=CARTESIAN_POINT('',(-49.7252135012802,-42.8883368430553,-2.92));
#4948=CARTESIAN_POINT('',(-54.7252135012802,-42.8883368430553,-2.92));
#4949=CARTESIAN_POINT('',(-50.9752135012802,-42.8883368430553,-2.92));
#4950=CARTESIAN_POINT('',(-49.7252135012802,-42.8883368430553,-2.97));
#4951=CARTESIAN_POINT('',(-49.7252135012802,-42.8883368430553,-3.02));
#4952=CARTESIAN_POINT('',(-54.7252135012802,-42.8883368430553,-2.97));
#4953=CARTESIAN_POINT('',(-54.7252135012802,-42.8883368430553,-2.97));
#4954=CARTESIAN_POINT('',(-54.7252135012802,-42.8883368430553,-3.02));
#4955=CARTESIAN_POINT('Origin',(-54.7252135012802,-42.7883368430553,-2.92));
#4956=CARTESIAN_POINT('',(-54.7252135012802,-42.7883368430553,-2.92));
#4957=CARTESIAN_POINT('',(-49.7252135012802,-42.7883368430553,-2.92));
#4958=CARTESIAN_POINT('',(-53.4752135012802,-42.7883368430553,-2.92));
#4959=CARTESIAN_POINT('',(-54.7252135012802,-42.7883368430553,-2.97));
#4960=CARTESIAN_POINT('',(-54.7252135012802,-42.7883368430553,-3.02));
#4961=CARTESIAN_POINT('',(-49.7252135012802,-42.7883368430553,-2.97));
#4962=CARTESIAN_POINT('',(-54.7252135012802,-42.7883368430553,-2.97));
#4963=CARTESIAN_POINT('',(-49.7252135012802,-42.7883368430553,-3.02));
#4964=CARTESIAN_POINT('Origin',(-52.2252135012802,-42.8383368430553,-2.97));
#4965=CARTESIAN_POINT('',(-54.7252135012802,-36.8901684215277,-2.97));
#4966=CARTESIAN_POINT('',(-49.7252135012802,-44.6400609809864,-2.97));
#4967=CARTESIAN_POINT('Origin',(-49.7252135012802,-40.8193713258139,-2.92));
#4968=CARTESIAN_POINT('',(-49.7252135012802,-40.8193713258139,-2.92));
#4969=CARTESIAN_POINT('',(-54.7252135012802,-40.8193713258139,-2.92));
#4970=CARTESIAN_POINT('',(-50.9752135012802,-40.8193713258139,-2.92));
#4971=CARTESIAN_POINT('',(-49.7252135012802,-40.8193713258139,-2.97));
#4972=CARTESIAN_POINT('',(-49.7252135012802,-40.8193713258139,-3.02));
#4973=CARTESIAN_POINT('',(-54.7252135012802,-40.8193713258139,-2.97));
#4974=CARTESIAN_POINT('',(-54.7252135012802,-40.8193713258139,-2.97));
#4975=CARTESIAN_POINT('',(-54.7252135012802,-40.8193713258139,-3.02));
#4976=CARTESIAN_POINT('Origin',(-54.7252135012802,-40.7193713258139,-2.92));
#4977=CARTESIAN_POINT('',(-54.7252135012802,-40.7193713258139,-2.92));
#4978=CARTESIAN_POINT('',(-49.7252135012802,-40.7193713258139,-2.92));
#4979=CARTESIAN_POINT('',(-53.4752135012802,-40.7193713258139,-2.92));
#4980=CARTESIAN_POINT('',(-54.7252135012802,-40.7193713258139,-2.97));
#4981=CARTESIAN_POINT('',(-54.7252135012802,-40.7193713258139,-3.02));
#4982=CARTESIAN_POINT('',(-49.7252135012802,-40.7193713258139,-2.97));
#4983=CARTESIAN_POINT('',(-54.7252135012802,-40.7193713258139,-2.97));
#4984=CARTESIAN_POINT('',(-49.7252135012802,-40.7193713258139,-3.02));
#4985=CARTESIAN_POINT('Origin',(-52.2252135012802,-40.7693713258139,-2.97));
#4986=CARTESIAN_POINT('',(-54.7252135012802,-35.855685662907,-2.97));
#4987=CARTESIAN_POINT('',(-49.7252135012802,-43.6055782223657,-2.97));
#4988=CARTESIAN_POINT('Origin',(-49.7252135012802,-38.7504058085726,-2.92));
#4989=CARTESIAN_POINT('',(-49.7252135012802,-38.7504058085726,-2.92));
#4990=CARTESIAN_POINT('',(-54.7252135012802,-38.7504058085726,-2.92));
#4991=CARTESIAN_POINT('',(-50.9752135012802,-38.7504058085726,-2.92));
#4992=CARTESIAN_POINT('',(-49.7252135012802,-38.7504058085726,-2.97));
#4993=CARTESIAN_POINT('',(-49.7252135012802,-38.7504058085726,-3.02));
#4994=CARTESIAN_POINT('',(-54.7252135012802,-38.7504058085726,-2.97));
#4995=CARTESIAN_POINT('',(-54.7252135012802,-38.7504058085726,-2.97));
#4996=CARTESIAN_POINT('',(-54.7252135012802,-38.7504058085726,-3.02));
#4997=CARTESIAN_POINT('Origin',(-54.7252135012802,-38.6504058085726,-2.92));
#4998=CARTESIAN_POINT('',(-54.7252135012802,-38.6504058085726,-2.92));
#4999=CARTESIAN_POINT('',(-49.7252135012802,-38.6504058085726,-2.92));
#5000=CARTESIAN_POINT('',(-53.4752135012802,-38.6504058085726,-2.92));
#5001=CARTESIAN_POINT('',(-54.7252135012802,-38.6504058085726,-2.97));
#5002=CARTESIAN_POINT('',(-54.7252135012802,-38.6504058085726,-3.02));
#5003=CARTESIAN_POINT('',(-49.7252135012802,-38.6504058085726,-2.97));
#5004=CARTESIAN_POINT('',(-54.7252135012802,-38.6504058085726,-2.97));
#5005=CARTESIAN_POINT('',(-49.7252135012802,-38.6504058085726,-3.02));
#5006=CARTESIAN_POINT('Origin',(-52.2252135012802,-38.7004058085726,-2.97));
#5007=CARTESIAN_POINT('',(-54.7252135012802,-34.8212029042863,-2.97));
#5008=CARTESIAN_POINT('',(-49.7252135012802,-42.571095463745,-2.97));
#5009=CARTESIAN_POINT('Origin',(-49.7252135012802,-36.6814402913312,-2.92));
#5010=CARTESIAN_POINT('',(-49.7252135012802,-36.6814402913312,-2.92));
#5011=CARTESIAN_POINT('',(-54.7252135012802,-36.6814402913312,-2.92));
#5012=CARTESIAN_POINT('',(-50.9752135012802,-36.6814402913312,-2.92));
#5013=CARTESIAN_POINT('',(-49.7252135012802,-36.6814402913312,-2.97));
#5014=CARTESIAN_POINT('',(-49.7252135012802,-36.6814402913312,-3.02));
#5015=CARTESIAN_POINT('',(-54.7252135012802,-36.6814402913312,-2.97));
#5016=CARTESIAN_POINT('',(-54.7252135012802,-36.6814402913312,-2.97));
#5017=CARTESIAN_POINT('',(-54.7252135012802,-36.6814402913312,-3.02));
#5018=CARTESIAN_POINT('Origin',(-54.7252135012802,-36.5814402913312,-2.92));
#5019=CARTESIAN_POINT('',(-54.7252135012802,-36.5814402913312,-2.92));
#5020=CARTESIAN_POINT('',(-49.7252135012802,-36.5814402913312,-2.92));
#5021=CARTESIAN_POINT('',(-53.4752135012802,-36.5814402913312,-2.92));
#5022=CARTESIAN_POINT('',(-54.7252135012802,-36.5814402913312,-2.97));
#5023=CARTESIAN_POINT('',(-54.7252135012802,-36.5814402913312,-3.02));
#5024=CARTESIAN_POINT('',(-49.7252135012802,-36.5814402913312,-2.97));
#5025=CARTESIAN_POINT('',(-54.7252135012802,-36.5814402913312,-2.97));
#5026=CARTESIAN_POINT('',(-49.7252135012802,-36.5814402913312,-3.02));
#5027=CARTESIAN_POINT('Origin',(-52.2252135012802,-36.6314402913312,-2.97));
#5028=CARTESIAN_POINT('',(-54.7252135012802,-33.7867201456656,-2.97));
#5029=CARTESIAN_POINT('',(-49.7252135012802,-41.5366127051243,-2.97));
#5030=CARTESIAN_POINT('Origin',(-49.7252135012802,-34.6124747740898,-2.92));
#5031=CARTESIAN_POINT('',(-49.7252135012802,-34.6124747740898,-2.92));
#5032=CARTESIAN_POINT('',(-54.7252135012802,-34.6124747740898,-2.92));
#5033=CARTESIAN_POINT('',(-50.9752135012802,-34.6124747740898,-2.92));
#5034=CARTESIAN_POINT('',(-49.7252135012802,-34.6124747740898,-2.97));
#5035=CARTESIAN_POINT('',(-49.7252135012802,-34.6124747740898,-3.02));
#5036=CARTESIAN_POINT('',(-54.7252135012802,-34.6124747740898,-2.97));
#5037=CARTESIAN_POINT('',(-54.7252135012802,-34.6124747740898,-2.97));
#5038=CARTESIAN_POINT('',(-54.7252135012802,-34.6124747740898,-3.02));
#5039=CARTESIAN_POINT('Origin',(-54.7252135012802,-34.5124747740898,-2.92));
#5040=CARTESIAN_POINT('',(-54.7252135012802,-34.5124747740898,-2.92));
#5041=CARTESIAN_POINT('',(-49.7252135012802,-34.5124747740898,-2.92));
#5042=CARTESIAN_POINT('',(-53.4752135012802,-34.5124747740898,-2.92));
#5043=CARTESIAN_POINT('',(-54.7252135012802,-34.5124747740898,-2.97));
#5044=CARTESIAN_POINT('',(-54.7252135012802,-34.5124747740898,-3.02));
#5045=CARTESIAN_POINT('',(-49.7252135012802,-34.5124747740898,-2.97));
#5046=CARTESIAN_POINT('',(-54.7252135012802,-34.5124747740898,-2.97));
#5047=CARTESIAN_POINT('',(-49.7252135012802,-34.5124747740898,-3.02));
#5048=CARTESIAN_POINT('Origin',(-52.2252135012802,-34.5624747740898,-2.97));
#5049=CARTESIAN_POINT('',(-54.7252135012802,-32.7522373870449,-2.97));
#5050=CARTESIAN_POINT('',(-49.7252135012802,-40.5021299465036,-2.97));
#5051=CARTESIAN_POINT('Origin',(-49.7252135012802,-32.5435092568484,-2.92));
#5052=CARTESIAN_POINT('',(-49.7252135012802,-32.5435092568484,-2.92));
#5053=CARTESIAN_POINT('',(-54.7252135012802,-32.5435092568484,-2.92));
#5054=CARTESIAN_POINT('',(-50.9752135012802,-32.5435092568484,-2.92));
#5055=CARTESIAN_POINT('',(-49.7252135012802,-32.5435092568484,-2.97));
#5056=CARTESIAN_POINT('',(-49.7252135012802,-32.5435092568484,-3.02));
#5057=CARTESIAN_POINT('',(-54.7252135012802,-32.5435092568484,-2.97));
#5058=CARTESIAN_POINT('',(-54.7252135012802,-32.5435092568484,-2.97));
#5059=CARTESIAN_POINT('',(-54.7252135012802,-32.5435092568484,-3.02));
#5060=CARTESIAN_POINT('Origin',(-54.7252135012802,-32.4435092568484,-2.92));
#5061=CARTESIAN_POINT('',(-54.7252135012802,-32.4435092568484,-2.92));
#5062=CARTESIAN_POINT('',(-49.7252135012802,-32.4435092568484,-2.92));
#5063=CARTESIAN_POINT('',(-53.4752135012802,-32.4435092568484,-2.92));
#5064=CARTESIAN_POINT('',(-54.7252135012802,-32.4435092568484,-2.97));
#5065=CARTESIAN_POINT('',(-54.7252135012802,-32.4435092568484,-3.02));
#5066=CARTESIAN_POINT('',(-49.7252135012802,-32.4435092568484,-2.97));
#5067=CARTESIAN_POINT('',(-54.7252135012802,-32.4435092568484,-2.97));
#5068=CARTESIAN_POINT('',(-49.7252135012802,-32.4435092568484,-3.02));
#5069=CARTESIAN_POINT('Origin',(-52.2252135012802,-32.4935092568484,-2.97));
#5070=CARTESIAN_POINT('',(-54.7252135012802,-31.7177546284242,-2.97));
#5071=CARTESIAN_POINT('',(-49.7252135012802,-39.4676471878829,-2.97));
#5072=CARTESIAN_POINT('Origin',(-49.7252135012802,-32.0262678775381,-2.92));
#5073=CARTESIAN_POINT('',(-49.7252135012802,-32.0262678775381,-2.92));
#5074=CARTESIAN_POINT('',(-54.7252135012802,-32.0262678775381,-2.92));
#5075=CARTESIAN_POINT('',(-50.9752135012802,-32.0262678775381,-2.92));
#5076=CARTESIAN_POINT('',(-49.7252135012802,-32.0262678775381,-2.97));
#5077=CARTESIAN_POINT('',(-49.7252135012802,-32.0262678775381,-3.02));
#5078=CARTESIAN_POINT('',(-54.7252135012802,-32.0262678775381,-2.97));
#5079=CARTESIAN_POINT('',(-54.7252135012802,-32.0262678775381,-2.97));
#5080=CARTESIAN_POINT('',(-54.7252135012802,-32.0262678775381,-3.02));
#5081=CARTESIAN_POINT('Origin',(-54.7252135012802,-31.9262678775381,-2.92));
#5082=CARTESIAN_POINT('',(-54.7252135012802,-31.9262678775381,-2.92));
#5083=CARTESIAN_POINT('',(-49.7252135012802,-31.9262678775381,-2.92));
#5084=CARTESIAN_POINT('',(-53.4752135012802,-31.9262678775381,-2.92));
#5085=CARTESIAN_POINT('',(-54.7252135012802,-31.9262678775381,-2.97));
#5086=CARTESIAN_POINT('',(-54.7252135012802,-31.9262678775381,-3.02));
#5087=CARTESIAN_POINT('',(-49.7252135012802,-31.9262678775381,-2.97));
#5088=CARTESIAN_POINT('',(-54.7252135012802,-31.9262678775381,-2.97));
#5089=CARTESIAN_POINT('',(-49.7252135012802,-31.9262678775381,-3.02));
#5090=CARTESIAN_POINT('Origin',(-52.2252135012802,-31.9762678775381,-2.97));
#5091=CARTESIAN_POINT('',(-54.7252135012802,-31.459133938769,-2.97));
#5092=CARTESIAN_POINT('',(-49.7252135012802,-39.2090264982277,-2.97));
#5093=CARTESIAN_POINT('Origin',(-49.7252135012802,-34.0952333947795,-2.92));
#5094=CARTESIAN_POINT('',(-49.7252135012802,-34.0952333947795,-2.92));
#5095=CARTESIAN_POINT('',(-54.7252135012802,-34.0952333947795,-2.92));
#5096=CARTESIAN_POINT('',(-50.9752135012802,-34.0952333947795,-2.92));
#5097=CARTESIAN_POINT('',(-49.7252135012802,-34.0952333947795,-2.97));
#5098=CARTESIAN_POINT('',(-49.7252135012802,-34.0952333947795,-3.02));
#5099=CARTESIAN_POINT('',(-54.7252135012802,-34.0952333947795,-2.97));
#5100=CARTESIAN_POINT('',(-54.7252135012802,-34.0952333947795,-2.97));
#5101=CARTESIAN_POINT('',(-54.7252135012802,-34.0952333947795,-3.02));
#5102=CARTESIAN_POINT('Origin',(-54.7252135012802,-33.9952333947795,-2.92));
#5103=CARTESIAN_POINT('',(-54.7252135012802,-33.9952333947795,-2.92));
#5104=CARTESIAN_POINT('',(-49.7252135012802,-33.9952333947795,-2.92));
#5105=CARTESIAN_POINT('',(-53.4752135012802,-33.9952333947795,-2.92));
#5106=CARTESIAN_POINT('',(-54.7252135012802,-33.9952333947795,-2.97));
#5107=CARTESIAN_POINT('',(-54.7252135012802,-33.9952333947795,-3.02));
#5108=CARTESIAN_POINT('',(-49.7252135012802,-33.9952333947795,-2.97));
#5109=CARTESIAN_POINT('',(-54.7252135012802,-33.9952333947795,-2.97));
#5110=CARTESIAN_POINT('',(-49.7252135012802,-33.9952333947795,-3.02));
#5111=CARTESIAN_POINT('Origin',(-52.2252135012802,-34.0452333947795,-2.97));
#5112=CARTESIAN_POINT('',(-54.7252135012802,-32.4936166973897,-2.97));
#5113=CARTESIAN_POINT('',(-49.7252135012802,-40.2435092568484,-2.97));
#5114=CARTESIAN_POINT('Origin',(-49.7252135012802,-36.1641989120208,-2.92));
#5115=CARTESIAN_POINT('',(-49.7252135012802,-36.1641989120208,-2.92));
#5116=CARTESIAN_POINT('',(-54.7252135012802,-36.1641989120208,-2.92));
#5117=CARTESIAN_POINT('',(-50.9752135012802,-36.1641989120208,-2.92));
#5118=CARTESIAN_POINT('',(-49.7252135012802,-36.1641989120208,-2.97));
#5119=CARTESIAN_POINT('',(-49.7252135012802,-36.1641989120208,-3.02));
#5120=CARTESIAN_POINT('',(-54.7252135012802,-36.1641989120208,-2.97));
#5121=CARTESIAN_POINT('',(-54.7252135012802,-36.1641989120208,-2.97));
#5122=CARTESIAN_POINT('',(-54.7252135012802,-36.1641989120208,-3.02));
#5123=CARTESIAN_POINT('Origin',(-54.7252135012802,-36.0641989120208,-2.92));
#5124=CARTESIAN_POINT('',(-54.7252135012802,-36.0641989120208,-2.92));
#5125=CARTESIAN_POINT('',(-49.7252135012802,-36.0641989120208,-2.92));
#5126=CARTESIAN_POINT('',(-53.4752135012802,-36.0641989120208,-2.92));
#5127=CARTESIAN_POINT('',(-54.7252135012802,-36.0641989120208,-2.97));
#5128=CARTESIAN_POINT('',(-54.7252135012802,-36.0641989120208,-3.02));
#5129=CARTESIAN_POINT('',(-49.7252135012802,-36.0641989120208,-2.97));
#5130=CARTESIAN_POINT('',(-54.7252135012802,-36.0641989120208,-2.97));
#5131=CARTESIAN_POINT('',(-49.7252135012802,-36.0641989120208,-3.02));
#5132=CARTESIAN_POINT('Origin',(-52.2252135012802,-36.1141989120208,-2.97));
#5133=CARTESIAN_POINT('',(-54.7252135012802,-33.5280994560104,-2.97));
#5134=CARTESIAN_POINT('',(-49.7252135012802,-41.2779920154691,-2.97));
#5135=CARTESIAN_POINT('Origin',(-49.7252135012802,-38.2331644292622,-2.92));
#5136=CARTESIAN_POINT('',(-49.7252135012802,-38.2331644292622,-2.92));
#5137=CARTESIAN_POINT('',(-54.7252135012802,-38.2331644292622,-2.92));
#5138=CARTESIAN_POINT('',(-50.9752135012802,-38.2331644292622,-2.92));
#5139=CARTESIAN_POINT('',(-49.7252135012802,-38.2331644292622,-2.97));
#5140=CARTESIAN_POINT('',(-49.7252135012802,-38.2331644292622,-3.02));
#5141=CARTESIAN_POINT('',(-54.7252135012802,-38.2331644292622,-2.97));
#5142=CARTESIAN_POINT('',(-54.7252135012802,-38.2331644292622,-2.97));
#5143=CARTESIAN_POINT('',(-54.7252135012802,-38.2331644292622,-3.02));
#5144=CARTESIAN_POINT('Origin',(-54.7252135012802,-38.1331644292622,-2.92));
#5145=CARTESIAN_POINT('',(-54.7252135012802,-38.1331644292622,-2.92));
#5146=CARTESIAN_POINT('',(-49.7252135012802,-38.1331644292622,-2.92));
#5147=CARTESIAN_POINT('',(-53.4752135012802,-38.1331644292622,-2.92));
#5148=CARTESIAN_POINT('',(-54.7252135012802,-38.1331644292622,-2.97));
#5149=CARTESIAN_POINT('',(-54.7252135012802,-38.1331644292622,-3.02));
#5150=CARTESIAN_POINT('',(-49.7252135012802,-38.1331644292622,-2.97));
#5151=CARTESIAN_POINT('',(-54.7252135012802,-38.1331644292622,-2.97));
#5152=CARTESIAN_POINT('',(-49.7252135012802,-38.1331644292622,-3.02));
#5153=CARTESIAN_POINT('Origin',(-52.2252135012802,-38.1831644292622,-2.97));
#5154=CARTESIAN_POINT('',(-54.7252135012802,-34.5625822146311,-2.97));
#5155=CARTESIAN_POINT('',(-49.7252135012802,-42.3124747740898,-2.97));
#5156=CARTESIAN_POINT('Origin',(-49.7252135012802,-40.3021299465036,-2.92));
#5157=CARTESIAN_POINT('',(-49.7252135012802,-40.3021299465036,-2.92));
#5158=CARTESIAN_POINT('',(-54.7252135012802,-40.3021299465036,-2.92));
#5159=CARTESIAN_POINT('',(-50.9752135012802,-40.3021299465036,-2.92));
#5160=CARTESIAN_POINT('',(-49.7252135012802,-40.3021299465036,-2.97));
#5161=CARTESIAN_POINT('',(-49.7252135012802,-40.3021299465036,-3.02));
#5162=CARTESIAN_POINT('',(-54.7252135012802,-40.3021299465036,-2.97));
#5163=CARTESIAN_POINT('',(-54.7252135012802,-40.3021299465036,-2.97));
#5164=CARTESIAN_POINT('',(-54.7252135012802,-40.3021299465036,-3.02));
#5165=CARTESIAN_POINT('Origin',(-54.7252135012802,-40.2021299465036,-2.92));
#5166=CARTESIAN_POINT('',(-54.7252135012802,-40.2021299465036,-2.92));
#5167=CARTESIAN_POINT('',(-49.7252135012802,-40.2021299465036,-2.92));
#5168=CARTESIAN_POINT('',(-53.4752135012802,-40.2021299465036,-2.92));
#5169=CARTESIAN_POINT('',(-54.7252135012802,-40.2021299465036,-2.97));
#5170=CARTESIAN_POINT('',(-54.7252135012802,-40.2021299465036,-3.02));
#5171=CARTESIAN_POINT('',(-49.7252135012802,-40.2021299465036,-2.97));
#5172=CARTESIAN_POINT('',(-54.7252135012802,-40.2021299465036,-2.97));
#5173=CARTESIAN_POINT('',(-49.7252135012802,-40.2021299465036,-3.02));
#5174=CARTESIAN_POINT('Origin',(-52.2252135012802,-40.2521299465036,-2.97));
#5175=CARTESIAN_POINT('',(-54.7252135012802,-35.5970649732518,-2.97));
#5176=CARTESIAN_POINT('',(-49.7252135012802,-43.3469575327105,-2.97));
#5177=CARTESIAN_POINT('Origin',(-49.7252135012802,-42.371095463745,-2.92));
#5178=CARTESIAN_POINT('',(-49.7252135012802,-42.371095463745,-2.92));
#5179=CARTESIAN_POINT('',(-54.7252135012802,-42.371095463745,-2.92));
#5180=CARTESIAN_POINT('',(-50.9752135012802,-42.371095463745,-2.92));
#5181=CARTESIAN_POINT('',(-49.7252135012802,-42.371095463745,-2.97));
#5182=CARTESIAN_POINT('',(-49.7252135012802,-42.371095463745,-3.02));
#5183=CARTESIAN_POINT('',(-54.7252135012802,-42.371095463745,-2.97));
#5184=CARTESIAN_POINT('',(-54.7252135012802,-42.371095463745,-2.97));
#5185=CARTESIAN_POINT('',(-54.7252135012802,-42.371095463745,-3.02));
#5186=CARTESIAN_POINT('Origin',(-54.7252135012802,-42.271095463745,-2.92));
#5187=CARTESIAN_POINT('',(-54.7252135012802,-42.271095463745,-2.92));
#5188=CARTESIAN_POINT('',(-49.7252135012802,-42.271095463745,-2.92));
#5189=CARTESIAN_POINT('',(-53.4752135012802,-42.271095463745,-2.92));
#5190=CARTESIAN_POINT('',(-54.7252135012802,-42.271095463745,-2.97));
#5191=CARTESIAN_POINT('',(-54.7252135012802,-42.271095463745,-3.02));
#5192=CARTESIAN_POINT('',(-49.7252135012802,-42.271095463745,-2.97));
#5193=CARTESIAN_POINT('',(-54.7252135012802,-42.271095463745,-2.97));
#5194=CARTESIAN_POINT('',(-49.7252135012802,-42.271095463745,-3.02));
#5195=CARTESIAN_POINT('Origin',(-52.2252135012802,-42.321095463745,-2.97));
#5196=CARTESIAN_POINT('',(-54.7252135012802,-36.6315477318725,-2.97));
#5197=CARTESIAN_POINT('',(-49.7252135012802,-44.3814402913312,-2.97));
#5198=CARTESIAN_POINT('Origin',(-49.7252135012802,-44.4400609809864,-2.92));
#5199=CARTESIAN_POINT('',(-49.7252135012802,-44.4400609809864,-2.92));
#5200=CARTESIAN_POINT('',(-54.7252135012802,-44.4400609809864,-2.92));
#5201=CARTESIAN_POINT('',(-50.9752135012802,-44.4400609809864,-2.92));
#5202=CARTESIAN_POINT('',(-49.7252135012802,-44.4400609809864,-2.97));
#5203=CARTESIAN_POINT('',(-49.7252135012802,-44.4400609809864,-3.02));
#5204=CARTESIAN_POINT('',(-54.7252135012802,-44.4400609809864,-2.97));
#5205=CARTESIAN_POINT('',(-54.7252135012802,-44.4400609809864,-2.97));
#5206=CARTESIAN_POINT('',(-54.7252135012802,-44.4400609809864,-3.02));
#5207=CARTESIAN_POINT('Origin',(-54.7252135012802,-44.3400609809864,-2.92));
#5208=CARTESIAN_POINT('',(-54.7252135012802,-44.3400609809864,-2.92));
#5209=CARTESIAN_POINT('',(-49.7252135012802,-44.3400609809864,-2.92));
#5210=CARTESIAN_POINT('',(-53.4752135012802,-44.3400609809864,-2.92));
#5211=CARTESIAN_POINT('',(-54.7252135012802,-44.3400609809864,-2.97));
#5212=CARTESIAN_POINT('',(-54.7252135012802,-44.3400609809864,-3.02));
#5213=CARTESIAN_POINT('',(-49.7252135012802,-44.3400609809864,-2.97));
#5214=CARTESIAN_POINT('',(-54.7252135012802,-44.3400609809864,-2.97));
#5215=CARTESIAN_POINT('',(-49.7252135012802,-44.3400609809864,-3.02));
#5216=CARTESIAN_POINT('Origin',(-52.2252135012802,-44.3900609809864,-2.97));
#5217=CARTESIAN_POINT('',(-54.7252135012802,-37.6660304904932,-2.97));
#5218=CARTESIAN_POINT('',(-49.7252135012802,-45.4159230499519,-2.97));
#5219=CARTESIAN_POINT('Origin',(-49.7252135012802,-45.474543739607,-2.92));
#5220=CARTESIAN_POINT('',(-49.7252135012802,-45.474543739607,-2.92));
#5221=CARTESIAN_POINT('',(-54.7252135012802,-45.474543739607,-2.92));
#5222=CARTESIAN_POINT('',(-50.9752135012802,-45.474543739607,-2.92));
#5223=CARTESIAN_POINT('',(-49.7252135012802,-45.474543739607,-2.97));
#5224=CARTESIAN_POINT('',(-49.7252135012802,-45.474543739607,-3.02));
#5225=CARTESIAN_POINT('',(-54.7252135012802,-45.474543739607,-2.97));
#5226=CARTESIAN_POINT('',(-54.7252135012802,-45.474543739607,-2.97));
#5227=CARTESIAN_POINT('',(-54.7252135012802,-45.474543739607,-3.02));
#5228=CARTESIAN_POINT('Origin',(-54.7252135012802,-45.374543739607,-2.92));
#5229=CARTESIAN_POINT('',(-54.7252135012802,-45.374543739607,-2.92));
#5230=CARTESIAN_POINT('',(-49.7252135012802,-45.374543739607,-2.92));
#5231=CARTESIAN_POINT('',(-53.4752135012802,-45.374543739607,-2.92));
#5232=CARTESIAN_POINT('',(-54.7252135012802,-45.374543739607,-2.97));
#5233=CARTESIAN_POINT('',(-54.7252135012802,-45.374543739607,-3.02));
#5234=CARTESIAN_POINT('',(-49.7252135012802,-45.374543739607,-2.97));
#5235=CARTESIAN_POINT('',(-54.7252135012802,-45.374543739607,-2.97));
#5236=CARTESIAN_POINT('',(-49.7252135012802,-45.374543739607,-3.02));
#5237=CARTESIAN_POINT('Origin',(-52.2252135012802,-45.424543739607,-2.97));
#5238=CARTESIAN_POINT('',(-54.7252135012802,-38.1832718698035,-2.97));
#5239=CARTESIAN_POINT('',(-49.7252135012802,-45.9331644292622,-2.97));
#5240=CARTESIAN_POINT('Origin',(-49.7252135012802,-43.4055782223657,-2.92));
#5241=CARTESIAN_POINT('',(-49.7252135012802,-43.4055782223657,-2.92));
#5242=CARTESIAN_POINT('',(-54.7252135012802,-43.4055782223657,-2.92));
#5243=CARTESIAN_POINT('',(-50.9752135012802,-43.4055782223657,-2.92));
#5244=CARTESIAN_POINT('',(-49.7252135012802,-43.4055782223657,-2.97));
#5245=CARTESIAN_POINT('',(-49.7252135012802,-43.4055782223657,-3.02));
#5246=CARTESIAN_POINT('',(-54.7252135012802,-43.4055782223657,-2.97));
#5247=CARTESIAN_POINT('',(-54.7252135012802,-43.4055782223657,-2.97));
#5248=CARTESIAN_POINT('',(-54.7252135012802,-43.4055782223657,-3.02));
#5249=CARTESIAN_POINT('Origin',(-54.7252135012802,-43.3055782223657,-2.92));
#5250=CARTESIAN_POINT('',(-54.7252135012802,-43.3055782223657,-2.92));
#5251=CARTESIAN_POINT('',(-49.7252135012802,-43.3055782223657,-2.92));
#5252=CARTESIAN_POINT('',(-53.4752135012802,-43.3055782223657,-2.92));
#5253=CARTESIAN_POINT('',(-54.7252135012802,-43.3055782223657,-2.97));
#5254=CARTESIAN_POINT('',(-54.7252135012802,-43.3055782223657,-3.02));
#5255=CARTESIAN_POINT('',(-49.7252135012802,-43.3055782223657,-2.97));
#5256=CARTESIAN_POINT('',(-54.7252135012802,-43.3055782223657,-2.97));
#5257=CARTESIAN_POINT('',(-49.7252135012802,-43.3055782223657,-3.02));
#5258=CARTESIAN_POINT('Origin',(-52.2252135012802,-43.3555782223657,-2.97));
#5259=CARTESIAN_POINT('',(-54.7252135012802,-37.1487891111828,-2.97));
#5260=CARTESIAN_POINT('',(-49.7252135012802,-44.8986816706415,-2.97));
#5261=CARTESIAN_POINT('Origin',(-49.7252135012802,-41.3366127051243,-2.92));
#5262=CARTESIAN_POINT('',(-49.7252135012802,-41.3366127051243,-2.92));
#5263=CARTESIAN_POINT('',(-54.7252135012802,-41.3366127051243,-2.92));
#5264=CARTESIAN_POINT('',(-50.9752135012802,-41.3366127051243,-2.92));
#5265=CARTESIAN_POINT('',(-49.7252135012802,-41.3366127051243,-2.97));
#5266=CARTESIAN_POINT('',(-49.7252135012802,-41.3366127051243,-3.02));
#5267=CARTESIAN_POINT('',(-54.7252135012802,-41.3366127051243,-2.97));
#5268=CARTESIAN_POINT('',(-54.7252135012802,-41.3366127051243,-2.97));
#5269=CARTESIAN_POINT('',(-54.7252135012802,-41.3366127051243,-3.02));
#5270=CARTESIAN_POINT('Origin',(-54.7252135012802,-41.2366127051243,-2.92));
#5271=CARTESIAN_POINT('',(-54.7252135012802,-41.2366127051243,-2.92));
#5272=CARTESIAN_POINT('',(-49.7252135012802,-41.2366127051243,-2.92));
#5273=CARTESIAN_POINT('',(-53.4752135012802,-41.2366127051243,-2.92));
#5274=CARTESIAN_POINT('',(-54.7252135012802,-41.2366127051243,-2.97));
#5275=CARTESIAN_POINT('',(-54.7252135012802,-41.2366127051243,-3.02));
#5276=CARTESIAN_POINT('',(-49.7252135012802,-41.2366127051243,-2.97));
#5277=CARTESIAN_POINT('',(-54.7252135012802,-41.2366127051243,-2.97));
#5278=CARTESIAN_POINT('',(-49.7252135012802,-41.2366127051243,-3.02));
#5279=CARTESIAN_POINT('Origin',(-52.2252135012802,-41.2866127051243,-2.97));
#5280=CARTESIAN_POINT('',(-54.7252135012802,-36.1143063525622,-2.97));
#5281=CARTESIAN_POINT('',(-49.7252135012802,-43.8641989120208,-2.97));
#5282=CARTESIAN_POINT('Origin',(-49.7252135012802,-39.2676471878829,-2.92));
#5283=CARTESIAN_POINT('',(-49.7252135012802,-39.2676471878829,-2.92));
#5284=CARTESIAN_POINT('',(-54.7252135012802,-39.2676471878829,-2.92));
#5285=CARTESIAN_POINT('',(-50.9752135012802,-39.2676471878829,-2.92));
#5286=CARTESIAN_POINT('',(-49.7252135012802,-39.2676471878829,-2.97));
#5287=CARTESIAN_POINT('',(-49.7252135012802,-39.2676471878829,-3.02));
#5288=CARTESIAN_POINT('',(-54.7252135012802,-39.2676471878829,-2.97));
#5289=CARTESIAN_POINT('',(-54.7252135012802,-39.2676471878829,-2.97));
#5290=CARTESIAN_POINT('',(-54.7252135012802,-39.2676471878829,-3.02));
#5291=CARTESIAN_POINT('Origin',(-54.7252135012802,-39.1676471878829,-2.92));
#5292=CARTESIAN_POINT('',(-54.7252135012802,-39.1676471878829,-2.92));
#5293=CARTESIAN_POINT('',(-49.7252135012802,-39.1676471878829,-2.92));
#5294=CARTESIAN_POINT('',(-53.4752135012802,-39.1676471878829,-2.92));
#5295=CARTESIAN_POINT('',(-54.7252135012802,-39.1676471878829,-2.97));
#5296=CARTESIAN_POINT('',(-54.7252135012802,-39.1676471878829,-3.02));
#5297=CARTESIAN_POINT('',(-49.7252135012802,-39.1676471878829,-2.97));
#5298=CARTESIAN_POINT('',(-54.7252135012802,-39.1676471878829,-2.97));
#5299=CARTESIAN_POINT('',(-49.7252135012802,-39.1676471878829,-3.02));
#5300=CARTESIAN_POINT('Origin',(-52.2252135012802,-39.2176471878829,-2.97));
#5301=CARTESIAN_POINT('',(-54.7252135012802,-35.0798235939415,-2.97));
#5302=CARTESIAN_POINT('',(-49.7252135012802,-42.8297161534002,-2.97));
#5303=CARTESIAN_POINT('Origin',(-49.7252135012802,-37.1986816706415,-2.92));
#5304=CARTESIAN_POINT('',(-49.7252135012802,-37.1986816706415,-2.92));
#5305=CARTESIAN_POINT('',(-54.7252135012802,-37.1986816706415,-2.92));
#5306=CARTESIAN_POINT('',(-50.9752135012802,-37.1986816706415,-2.92));
#5307=CARTESIAN_POINT('',(-49.7252135012802,-37.1986816706415,-2.97));
#5308=CARTESIAN_POINT('',(-49.7252135012802,-37.1986816706415,-3.02));
#5309=CARTESIAN_POINT('',(-54.7252135012802,-37.1986816706415,-2.97));
#5310=CARTESIAN_POINT('',(-54.7252135012802,-37.1986816706415,-2.97));
#5311=CARTESIAN_POINT('',(-54.7252135012802,-37.1986816706415,-3.02));
#5312=CARTESIAN_POINT('Origin',(-54.7252135012802,-37.0986816706415,-2.92));
#5313=CARTESIAN_POINT('',(-54.7252135012802,-37.0986816706415,-2.92));
#5314=CARTESIAN_POINT('',(-49.7252135012802,-37.0986816706415,-2.92));
#5315=CARTESIAN_POINT('',(-53.4752135012802,-37.0986816706415,-2.92));
#5316=CARTESIAN_POINT('',(-54.7252135012802,-37.0986816706415,-2.97));
#5317=CARTESIAN_POINT('',(-54.7252135012802,-37.0986816706415,-3.02));
#5318=CARTESIAN_POINT('',(-49.7252135012802,-37.0986816706415,-2.97));
#5319=CARTESIAN_POINT('',(-54.7252135012802,-37.0986816706415,-2.97));
#5320=CARTESIAN_POINT('',(-49.7252135012802,-37.0986816706415,-3.02));
#5321=CARTESIAN_POINT('Origin',(-52.2252135012802,-37.1486816706415,-2.97));
#5322=CARTESIAN_POINT('',(-54.7252135012802,-34.0453408353208,-2.97));
#5323=CARTESIAN_POINT('',(-49.7252135012802,-41.7952333947795,-2.97));
#5324=CARTESIAN_POINT('Origin',(-49.7252135012802,-35.1297161534001,-2.92));
#5325=CARTESIAN_POINT('',(-49.7252135012802,-35.1297161534001,-2.92));
#5326=CARTESIAN_POINT('',(-54.7252135012802,-35.1297161534001,-2.92));
#5327=CARTESIAN_POINT('',(-50.9752135012802,-35.1297161534001,-2.92));
#5328=CARTESIAN_POINT('',(-49.7252135012802,-35.1297161534001,-2.97));
#5329=CARTESIAN_POINT('',(-49.7252135012802,-35.1297161534001,-3.02));
#5330=CARTESIAN_POINT('',(-54.7252135012802,-35.1297161534001,-2.97));
#5331=CARTESIAN_POINT('',(-54.7252135012802,-35.1297161534001,-2.97));
#5332=CARTESIAN_POINT('',(-54.7252135012802,-35.1297161534001,-3.02));
#5333=CARTESIAN_POINT('Origin',(-54.7252135012802,-35.0297161534002,-2.92));
#5334=CARTESIAN_POINT('',(-54.7252135012802,-35.0297161534002,-2.92));
#5335=CARTESIAN_POINT('',(-49.7252135012802,-35.0297161534002,-2.92));
#5336=CARTESIAN_POINT('',(-53.4752135012802,-35.0297161534002,-2.92));
#5337=CARTESIAN_POINT('',(-54.7252135012802,-35.0297161534002,-2.97));
#5338=CARTESIAN_POINT('',(-54.7252135012802,-35.0297161534002,-3.02));
#5339=CARTESIAN_POINT('',(-49.7252135012802,-35.0297161534002,-2.97));
#5340=CARTESIAN_POINT('',(-54.7252135012802,-35.0297161534002,-2.97));
#5341=CARTESIAN_POINT('',(-49.7252135012802,-35.0297161534002,-3.02));
#5342=CARTESIAN_POINT('Origin',(-52.2252135012802,-35.0797161534001,-2.97));
#5343=CARTESIAN_POINT('',(-54.7252135012802,-33.0108580767001,-2.97));
#5344=CARTESIAN_POINT('',(-49.7252135012802,-40.7607506361588,-2.97));
#5345=CARTESIAN_POINT('Origin',(-49.7252135012802,-33.0607506361588,-2.92));
#5346=CARTESIAN_POINT('',(-49.7252135012802,-33.0607506361588,-2.92));
#5347=CARTESIAN_POINT('',(-54.7252135012802,-33.0607506361588,-2.92));
#5348=CARTESIAN_POINT('',(-50.9752135012802,-33.0607506361588,-2.92));
#5349=CARTESIAN_POINT('',(-49.7252135012802,-33.0607506361588,-2.97));
#5350=CARTESIAN_POINT('',(-49.7252135012802,-33.0607506361588,-3.02));
#5351=CARTESIAN_POINT('',(-54.7252135012802,-33.0607506361588,-2.97));
#5352=CARTESIAN_POINT('',(-54.7252135012802,-33.0607506361588,-2.97));
#5353=CARTESIAN_POINT('',(-54.7252135012802,-33.0607506361588,-3.02));
#5354=CARTESIAN_POINT('Origin',(-54.7252135012802,-32.9607506361588,-2.92));
#5355=CARTESIAN_POINT('',(-54.7252135012802,-32.9607506361588,-2.92));
#5356=CARTESIAN_POINT('',(-49.7252135012802,-32.9607506361588,-2.92));
#5357=CARTESIAN_POINT('',(-53.4752135012802,-32.9607506361588,-2.92));
#5358=CARTESIAN_POINT('',(-54.7252135012802,-32.9607506361588,-2.97));
#5359=CARTESIAN_POINT('',(-54.7252135012802,-32.9607506361588,-3.02));
#5360=CARTESIAN_POINT('',(-49.7252135012802,-32.9607506361588,-2.97));
#5361=CARTESIAN_POINT('',(-54.7252135012802,-32.9607506361588,-2.97));
#5362=CARTESIAN_POINT('',(-49.7252135012802,-32.9607506361588,-3.02));
#5363=CARTESIAN_POINT('Origin',(-52.2252135012802,-33.0107506361588,-2.97));
#5364=CARTESIAN_POINT('',(-54.7252135012802,-31.9763753180794,-2.97));
#5365=CARTESIAN_POINT('',(-49.7252135012802,-39.7262678775381,-2.97));
#5366=CARTESIAN_POINT('Origin',(-49.7252135012802,-31.5090264982277,-2.92));
#5367=CARTESIAN_POINT('',(-49.7252135012802,-31.5090264982277,-2.92));
#5368=CARTESIAN_POINT('',(-54.7252135012802,-31.5090264982277,-2.92));
#5369=CARTESIAN_POINT('',(-50.9752135012802,-31.5090264982277,-2.92));
#5370=CARTESIAN_POINT('',(-49.7252135012802,-31.5090264982277,-2.97));
#5371=CARTESIAN_POINT('',(-49.7252135012802,-31.5090264982277,-3.02));
#5372=CARTESIAN_POINT('',(-54.7252135012802,-31.5090264982277,-2.97));
#5373=CARTESIAN_POINT('',(-54.7252135012802,-31.5090264982277,-2.97));
#5374=CARTESIAN_POINT('',(-54.7252135012802,-31.5090264982277,-3.02));
#5375=CARTESIAN_POINT('Origin',(-54.7252135012802,-31.4090264982277,-2.92));
#5376=CARTESIAN_POINT('',(-54.7252135012802,-31.4090264982277,-2.92));
#5377=CARTESIAN_POINT('',(-49.7252135012802,-31.4090264982277,-2.92));
#5378=CARTESIAN_POINT('',(-53.4752135012802,-31.4090264982277,-2.92));
#5379=CARTESIAN_POINT('',(-54.7252135012802,-31.4090264982277,-2.97));
#5380=CARTESIAN_POINT('',(-54.7252135012802,-31.4090264982277,-3.02));
#5381=CARTESIAN_POINT('',(-49.7252135012802,-31.4090264982277,-2.97));
#5382=CARTESIAN_POINT('',(-54.7252135012802,-31.4090264982277,-2.97));
#5383=CARTESIAN_POINT('',(-49.7252135012802,-31.4090264982277,-3.02));
#5384=CARTESIAN_POINT('Origin',(-52.2252135012802,-31.4590264982277,-2.97));
#5385=CARTESIAN_POINT('',(-54.7252135012802,-31.2005132491139,-2.97));
#5386=CARTESIAN_POINT('',(-49.7252135012802,-38.9504058085726,-2.97));
#5387=CARTESIAN_POINT('Origin',(-49.7252135012802,-33.5779920154691,-2.92));
#5388=CARTESIAN_POINT('',(-49.7252135012802,-33.5779920154691,-2.92));
#5389=CARTESIAN_POINT('',(-54.7252135012802,-33.5779920154691,-2.92));
#5390=CARTESIAN_POINT('',(-50.9752135012802,-33.5779920154691,-2.92));
#5391=CARTESIAN_POINT('',(-49.7252135012802,-33.5779920154691,-2.97));
#5392=CARTESIAN_POINT('',(-49.7252135012802,-33.5779920154691,-3.02));
#5393=CARTESIAN_POINT('',(-54.7252135012802,-33.5779920154691,-2.97));
#5394=CARTESIAN_POINT('',(-54.7252135012802,-33.5779920154691,-2.97));
#5395=CARTESIAN_POINT('',(-54.7252135012802,-33.5779920154691,-3.02));
#5396=CARTESIAN_POINT('Origin',(-54.7252135012802,-33.4779920154691,-2.92));
#5397=CARTESIAN_POINT('',(-54.7252135012802,-33.4779920154691,-2.92));
#5398=CARTESIAN_POINT('',(-49.7252135012802,-33.4779920154691,-2.92));
#5399=CARTESIAN_POINT('',(-53.4752135012802,-33.4779920154691,-2.92));
#5400=CARTESIAN_POINT('',(-54.7252135012802,-33.4779920154691,-2.97));
#5401=CARTESIAN_POINT('',(-54.7252135012802,-33.4779920154691,-3.02));
#5402=CARTESIAN_POINT('',(-49.7252135012802,-33.4779920154691,-2.97));
#5403=CARTESIAN_POINT('',(-54.7252135012802,-33.4779920154691,-2.97));
#5404=CARTESIAN_POINT('',(-49.7252135012802,-33.4779920154691,-3.02));
#5405=CARTESIAN_POINT('Origin',(-52.2252135012802,-33.5279920154691,-2.97));
#5406=CARTESIAN_POINT('',(-54.7252135012802,-32.2349960077346,-2.97));
#5407=CARTESIAN_POINT('',(-49.7252135012802,-39.9848885671933,-2.97));
#5408=CARTESIAN_POINT('Origin',(-49.7252135012802,-35.6469575327105,-2.92));
#5409=CARTESIAN_POINT('',(-49.7252135012802,-35.6469575327105,-2.92));
#5410=CARTESIAN_POINT('',(-54.7252135012802,-35.6469575327105,-2.92));
#5411=CARTESIAN_POINT('',(-50.9752135012802,-35.6469575327105,-2.92));
#5412=CARTESIAN_POINT('',(-49.7252135012802,-35.6469575327105,-2.97));
#5413=CARTESIAN_POINT('',(-49.7252135012802,-35.6469575327105,-3.02));
#5414=CARTESIAN_POINT('',(-54.7252135012802,-35.6469575327105,-2.97));
#5415=CARTESIAN_POINT('',(-54.7252135012802,-35.6469575327105,-2.97));
#5416=CARTESIAN_POINT('',(-54.7252135012802,-35.6469575327105,-3.02));
#5417=CARTESIAN_POINT('Origin',(-54.7252135012802,-35.5469575327105,-2.92));
#5418=CARTESIAN_POINT('',(-54.7252135012802,-35.5469575327105,-2.92));
#5419=CARTESIAN_POINT('',(-49.7252135012802,-35.5469575327105,-2.92));
#5420=CARTESIAN_POINT('',(-53.4752135012802,-35.5469575327105,-2.92));
#5421=CARTESIAN_POINT('',(-54.7252135012802,-35.5469575327105,-2.97));
#5422=CARTESIAN_POINT('',(-54.7252135012802,-35.5469575327105,-3.02));
#5423=CARTESIAN_POINT('',(-49.7252135012802,-35.5469575327105,-2.97));
#5424=CARTESIAN_POINT('',(-54.7252135012802,-35.5469575327105,-2.97));
#5425=CARTESIAN_POINT('',(-49.7252135012802,-35.5469575327105,-3.02));
#5426=CARTESIAN_POINT('Origin',(-52.2252135012802,-35.5969575327105,-2.97));
#5427=CARTESIAN_POINT('',(-54.7252135012802,-33.2694787663553,-2.97));
#5428=CARTESIAN_POINT('',(-49.7252135012802,-41.0193713258139,-2.97));
#5429=CARTESIAN_POINT('Origin',(-49.7252135012802,-37.7159230499519,-2.92));
#5430=CARTESIAN_POINT('',(-49.7252135012802,-37.7159230499519,-2.92));
#5431=CARTESIAN_POINT('',(-54.7252135012802,-37.7159230499519,-2.92));
#5432=CARTESIAN_POINT('',(-50.9752135012802,-37.7159230499519,-2.92));
#5433=CARTESIAN_POINT('',(-49.7252135012802,-37.7159230499519,-2.97));
#5434=CARTESIAN_POINT('',(-49.7252135012802,-37.7159230499519,-3.02));
#5435=CARTESIAN_POINT('',(-54.7252135012802,-37.7159230499519,-2.97));
#5436=CARTESIAN_POINT('',(-54.7252135012802,-37.7159230499519,-2.97));
#5437=CARTESIAN_POINT('',(-54.7252135012802,-37.7159230499519,-3.02));
#5438=CARTESIAN_POINT('Origin',(-54.7252135012802,-37.6159230499519,-2.92));
#5439=CARTESIAN_POINT('',(-54.7252135012802,-37.6159230499519,-2.92));
#5440=CARTESIAN_POINT('',(-49.7252135012802,-37.6159230499519,-2.92));
#5441=CARTESIAN_POINT('',(-53.4752135012802,-37.6159230499519,-2.92));
#5442=CARTESIAN_POINT('',(-54.7252135012802,-37.6159230499519,-2.97));
#5443=CARTESIAN_POINT('',(-54.7252135012802,-37.6159230499519,-3.02));
#5444=CARTESIAN_POINT('',(-49.7252135012802,-37.6159230499519,-2.97));
#5445=CARTESIAN_POINT('',(-54.7252135012802,-37.6159230499519,-2.97));
#5446=CARTESIAN_POINT('',(-49.7252135012802,-37.6159230499519,-3.02));
#5447=CARTESIAN_POINT('Origin',(-52.2252135012802,-37.6659230499519,-2.97));
#5448=CARTESIAN_POINT('',(-54.7252135012802,-34.3039615249759,-2.97));
#5449=CARTESIAN_POINT('',(-49.7252135012802,-42.0538540844346,-2.97));
#5450=CARTESIAN_POINT('Origin',(-49.7252135012802,-39.7848885671932,-2.92));
#5451=CARTESIAN_POINT('',(-49.7252135012802,-39.7848885671932,-2.92));
#5452=CARTESIAN_POINT('',(-54.7252135012802,-39.7848885671932,-2.92));
#5453=CARTESIAN_POINT('',(-50.9752135012802,-39.7848885671932,-2.92));
#5454=CARTESIAN_POINT('',(-49.7252135012802,-39.7848885671932,-2.97));
#5455=CARTESIAN_POINT('',(-49.7252135012802,-39.7848885671933,-3.02));
#5456=CARTESIAN_POINT('',(-54.7252135012802,-39.7848885671932,-2.97));
#5457=CARTESIAN_POINT('',(-54.7252135012802,-39.7848885671932,-2.97));
#5458=CARTESIAN_POINT('',(-54.7252135012802,-39.7848885671932,-3.02));
#5459=CARTESIAN_POINT('Origin',(-54.7252135012802,-39.6848885671933,-2.92));
#5460=CARTESIAN_POINT('',(-54.7252135012802,-39.6848885671933,-2.92));
#5461=CARTESIAN_POINT('',(-49.7252135012802,-39.6848885671933,-2.92));
#5462=CARTESIAN_POINT('',(-53.4752135012802,-39.6848885671933,-2.92));
#5463=CARTESIAN_POINT('',(-54.7252135012802,-39.6848885671933,-2.97));
#5464=CARTESIAN_POINT('',(-54.7252135012802,-39.6848885671933,-3.02));
#5465=CARTESIAN_POINT('',(-49.7252135012802,-39.6848885671933,-2.97));
#5466=CARTESIAN_POINT('',(-54.7252135012802,-39.6848885671933,-2.97));
#5467=CARTESIAN_POINT('',(-49.7252135012802,-39.6848885671932,-3.02));
#5468=CARTESIAN_POINT('Origin',(-52.2252135012802,-39.7348885671933,-2.97));
#5469=CARTESIAN_POINT('',(-54.7252135012802,-35.3384442835966,-2.97));
#5470=CARTESIAN_POINT('',(-49.7252135012802,-43.0883368430553,-2.97));
#5471=CARTESIAN_POINT('Origin',(-49.7252135012802,-41.8538540844346,-2.92));
#5472=CARTESIAN_POINT('',(-49.7252135012802,-41.8538540844346,-2.92));
#5473=CARTESIAN_POINT('',(-54.7252135012802,-41.8538540844346,-2.92));
#5474=CARTESIAN_POINT('',(-50.9752135012802,-41.8538540844346,-2.92));
#5475=CARTESIAN_POINT('',(-49.7252135012802,-41.8538540844346,-2.97));
#5476=CARTESIAN_POINT('',(-49.7252135012802,-41.8538540844346,-3.02));
#5477=CARTESIAN_POINT('',(-54.7252135012802,-41.8538540844346,-2.97));
#5478=CARTESIAN_POINT('',(-54.7252135012802,-41.8538540844346,-2.97));
#5479=CARTESIAN_POINT('',(-54.7252135012802,-41.8538540844346,-3.02));
#5480=CARTESIAN_POINT('Origin',(-54.7252135012802,-41.7538540844346,-2.92));
#5481=CARTESIAN_POINT('',(-54.7252135012802,-41.7538540844346,-2.92));
#5482=CARTESIAN_POINT('',(-49.7252135012802,-41.7538540844346,-2.92));
#5483=CARTESIAN_POINT('',(-53.4752135012802,-41.7538540844346,-2.92));
#5484=CARTESIAN_POINT('',(-54.7252135012802,-41.7538540844346,-2.97));
#5485=CARTESIAN_POINT('',(-54.7252135012802,-41.7538540844346,-3.02));
#5486=CARTESIAN_POINT('',(-49.7252135012802,-41.7538540844346,-2.97));
#5487=CARTESIAN_POINT('',(-54.7252135012802,-41.7538540844346,-2.97));
#5488=CARTESIAN_POINT('',(-49.7252135012802,-41.7538540844346,-3.02));
#5489=CARTESIAN_POINT('Origin',(-52.2252135012802,-41.8038540844346,-2.97));
#5490=CARTESIAN_POINT('',(-54.7252135012802,-36.3729270422173,-2.97));
#5491=CARTESIAN_POINT('',(-49.7252135012802,-44.122819601676,-2.97));
#5492=CARTESIAN_POINT('Origin',(-49.7252135012802,-43.922819601676,-2.92));
#5493=CARTESIAN_POINT('',(-49.7252135012802,-43.922819601676,-2.92));
#5494=CARTESIAN_POINT('',(-54.7252135012802,-43.922819601676,-2.92));
#5495=CARTESIAN_POINT('',(-50.9752135012802,-43.922819601676,-2.92));
#5496=CARTESIAN_POINT('',(-49.7252135012802,-43.922819601676,-2.97));
#5497=CARTESIAN_POINT('',(-49.7252135012802,-43.922819601676,-3.02));
#5498=CARTESIAN_POINT('',(-54.7252135012802,-43.922819601676,-2.97));
#5499=CARTESIAN_POINT('',(-54.7252135012802,-43.922819601676,-2.97));
#5500=CARTESIAN_POINT('',(-54.7252135012802,-43.922819601676,-3.02));
#5501=CARTESIAN_POINT('Origin',(-54.7252135012802,-43.822819601676,-2.92));
#5502=CARTESIAN_POINT('',(-54.7252135012802,-43.822819601676,-2.92));
#5503=CARTESIAN_POINT('',(-49.7252135012802,-43.822819601676,-2.92));
#5504=CARTESIAN_POINT('',(-53.4752135012802,-43.822819601676,-2.92));
#5505=CARTESIAN_POINT('',(-54.7252135012802,-43.822819601676,-2.97));
#5506=CARTESIAN_POINT('',(-54.7252135012802,-43.822819601676,-3.02));
#5507=CARTESIAN_POINT('',(-49.7252135012802,-43.822819601676,-2.97));
#5508=CARTESIAN_POINT('',(-54.7252135012802,-43.822819601676,-2.97));
#5509=CARTESIAN_POINT('',(-49.7252135012802,-43.822819601676,-3.02));
#5510=CARTESIAN_POINT('Origin',(-52.2252135012802,-43.872819601676,-2.97));
#5511=CARTESIAN_POINT('',(-54.7252135012802,-37.407409800838,-2.97));
#5512=CARTESIAN_POINT('',(-49.7252135012802,-45.1573023602967,-2.97));
#5513=CARTESIAN_POINT('Origin',(-54.7252135012802,-45.8917851189174,-2.92));
#5514=CARTESIAN_POINT('',(-54.7252135012802,-45.8917851189174,-2.92));
#5515=CARTESIAN_POINT('',(-49.7252135012802,-45.8917851189174,-2.92));
#5516=CARTESIAN_POINT('',(-53.4752135012802,-45.8917851189174,-2.92));
#5517=CARTESIAN_POINT('',(-54.7252135012802,-45.8917851189174,-2.97));
#5518=CARTESIAN_POINT('',(-54.7252135012802,-45.8917851189174,-3.02));
#5519=CARTESIAN_POINT('',(-49.7252135012802,-45.8917851189174,-2.97));
#5520=CARTESIAN_POINT('',(-54.7252135012802,-45.8917851189174,-2.97));
#5521=CARTESIAN_POINT('',(-49.7252135012802,-45.8917851189174,-3.02));
#5522=CARTESIAN_POINT('Origin',(-49.7252135012802,-45.9917851189174,-2.92));
#5523=CARTESIAN_POINT('',(-49.7252135012802,-45.9917851189174,-2.92));
#5524=CARTESIAN_POINT('',(-54.7252135012802,-45.9917851189174,-2.92));
#5525=CARTESIAN_POINT('',(-50.9752135012802,-45.9917851189174,-2.92));
#5526=CARTESIAN_POINT('',(-49.7252135012802,-45.9917851189174,-2.97));
#5527=CARTESIAN_POINT('',(-49.7252135012802,-45.9917851189174,-3.02));
#5528=CARTESIAN_POINT('',(-54.7252135012802,-45.9917851189174,-2.97));
#5529=CARTESIAN_POINT('',(-54.7252135012802,-45.9917851189174,-2.97));
#5530=CARTESIAN_POINT('',(-54.7252135012802,-45.9917851189174,-3.02));
#5531=CARTESIAN_POINT('Origin',(-52.2252135012802,-45.9417851189174,-2.97));
#5532=CARTESIAN_POINT('',(-49.7252135012802,-46.1917851189174,-2.97));
#5533=CARTESIAN_POINT('',(-54.7252135012802,-38.4418925594587,-2.97));
#5534=CARTESIAN_POINT('Origin',(-52.2252135012802,-38.6918925594587,-2.92));
#5535=CARTESIAN_POINT('',(-54.7252135012802,-46.4417851189174,-2.92));
#5536=CARTESIAN_POINT('',(-54.7252135012802,-30.942,-2.92));
#5537=CARTESIAN_POINT('',(-49.7252135012802,-46.4417851189174,-2.92));
#5538=CARTESIAN_POINT('',(-49.7252135012802,-46.4417851189174,-2.92));
#5539=CARTESIAN_POINT('',(-49.7252135012802,-30.942,-2.92));
#5540=CARTESIAN_POINT('Origin',(-52.2252135012802,-38.6918925594587,-2.92));
#5541=CARTESIAN_POINT('',(-49.7252135012802,-30.942,-2.92));
#5542=CARTESIAN_POINT('',(-49.7252135012802,-30.942,-2.92));
#5543=CARTESIAN_POINT('',(-54.7252135012802,-30.942,-2.92));
#5544=CARTESIAN_POINT('',(-49.7252135012802,-30.942,-2.92));
#5545=CARTESIAN_POINT('',(-54.7252135012802,-30.942,-2.92));
#5546=CARTESIAN_POINT('Origin',(-52.2252135012802,-38.6918925594587,-2.92));
#5547=CARTESIAN_POINT('',(-54.7252135012802,-30.942,-2.92));
#5548=CARTESIAN_POINT('',(-49.7252135012802,-30.942,-2.92));
#5549=CARTESIAN_POINT('Origin',(-52.2252135012802,-38.6918925594587,-2.92));
#5550=CARTESIAN_POINT('',(-54.7252135012802,-30.942,-2.92));
#5551=CARTESIAN_POINT('',(-49.7252135012802,-30.942,-2.92));
#5552=CARTESIAN_POINT('Origin',(-52.2252135012802,-38.6918925594587,-2.92));
#5553=CARTESIAN_POINT('',(-54.7252135012802,-30.942,-2.92));
#5554=CARTESIAN_POINT('',(-49.7252135012802,-30.942,-2.92));
#5555=CARTESIAN_POINT('Origin',(-52.2252135012802,-38.6918925594587,-2.92));
#5556=CARTESIAN_POINT('',(-54.7252135012802,-30.942,-2.92));
#5557=CARTESIAN_POINT('',(-49.7252135012802,-30.942,-2.92));
#5558=CARTESIAN_POINT('Origin',(-52.2252135012802,-38.6918925594587,-2.92));
#5559=CARTESIAN_POINT('',(-54.7252135012802,-30.942,-2.92));
#5560=CARTESIAN_POINT('',(-49.7252135012802,-30.942,-2.92));
#5561=CARTESIAN_POINT('Origin',(-52.2252135012802,-38.6918925594587,-2.92));
#5562=CARTESIAN_POINT('',(-54.7252135012802,-30.942,-2.92));
#5563=CARTESIAN_POINT('',(-49.7252135012802,-30.942,-2.92));
#5564=CARTESIAN_POINT('Origin',(-52.2252135012802,-38.6918925594587,-2.92));
#5565=CARTESIAN_POINT('',(-54.7252135012802,-30.942,-2.92));
#5566=CARTESIAN_POINT('',(-49.7252135012802,-30.942,-2.92));
#5567=CARTESIAN_POINT('Origin',(-52.2252135012802,-38.6918925594587,-2.92));
#5568=CARTESIAN_POINT('',(-49.7252135012802,-30.942,-2.92));
#5569=CARTESIAN_POINT('',(-54.7252135012802,-30.942,-2.92));
#5570=CARTESIAN_POINT('Origin',(-52.2252135012802,-38.6918925594587,-2.92));
#5571=CARTESIAN_POINT('',(-49.7252135012802,-30.942,-2.92));
#5572=CARTESIAN_POINT('',(-54.7252135012802,-30.942,-2.92));
#5573=CARTESIAN_POINT('Origin',(-52.2252135012802,-38.6918925594587,-2.92));
#5574=CARTESIAN_POINT('',(-49.7252135012802,-30.942,-2.92));
#5575=CARTESIAN_POINT('',(-54.7252135012802,-30.942,-2.92));
#5576=CARTESIAN_POINT('Origin',(-52.2252135012802,-38.6918925594587,-2.92));
#5577=CARTESIAN_POINT('',(-49.7252135012802,-30.942,-2.92));
#5578=CARTESIAN_POINT('',(-54.7252135012802,-30.942,-2.92));
#5579=CARTESIAN_POINT('Origin',(-52.2252135012802,-38.6918925594587,-2.92));
#5580=CARTESIAN_POINT('',(-49.7252135012802,-30.942,-2.92));
#5581=CARTESIAN_POINT('',(-54.7252135012802,-30.942,-2.92));
#5582=CARTESIAN_POINT('Origin',(-52.2252135012802,-38.6918925594587,-2.92));
#5583=CARTESIAN_POINT('',(-49.7252135012802,-30.942,-2.92));
#5584=CARTESIAN_POINT('',(-54.7252135012802,-30.942,-2.92));
#5585=CARTESIAN_POINT('Origin',(-52.2252135012802,-38.6918925594587,-2.92));
#5586=CARTESIAN_POINT('',(-49.7252135012802,-30.942,-2.92));
#5587=CARTESIAN_POINT('',(-54.7252135012802,-30.942,-2.92));
#5588=CARTESIAN_POINT('Origin',(-52.2252135012802,-38.6918925594587,-2.92));
#5589=CARTESIAN_POINT('',(-49.7252135012802,-30.942,-2.92));
#5590=CARTESIAN_POINT('',(-54.7252135012802,-30.942,-2.92));
#5591=CARTESIAN_POINT('Origin',(-52.2252135012802,-38.6918925594587,-2.92));
#5592=CARTESIAN_POINT('',(-54.7252135012802,-30.942,-2.92));
#5593=CARTESIAN_POINT('',(-49.7252135012802,-30.942,-2.92));
#5594=CARTESIAN_POINT('Origin',(-52.2252135012802,-38.6918925594587,-2.92));
#5595=CARTESIAN_POINT('',(-49.7252135012802,-30.942,-2.92));
#5596=CARTESIAN_POINT('',(-54.7252135012802,-30.942,-2.92));
#5597=CARTESIAN_POINT('Origin',(-52.2252135012802,-38.6918925594587,-2.92));
#5598=CARTESIAN_POINT('',(-54.7252135012802,-30.942,-2.92));
#5599=CARTESIAN_POINT('',(-49.7252135012802,-30.942,-2.92));
#5600=CARTESIAN_POINT('Origin',(-52.2252135012802,-38.6918925594587,-2.92));
#5601=CARTESIAN_POINT('',(-49.7252135012802,-30.942,-2.92));
#5602=CARTESIAN_POINT('',(-54.7252135012802,-30.942,-2.92));
#5603=CARTESIAN_POINT('Origin',(-52.2252135012802,-38.6918925594587,-2.92));
#5604=CARTESIAN_POINT('',(-54.7252135012802,-30.942,-2.92));
#5605=CARTESIAN_POINT('',(-49.7252135012802,-30.942,-2.92));
#5606=CARTESIAN_POINT('Origin',(-52.2252135012802,-38.6918925594587,-2.92));
#5607=CARTESIAN_POINT('',(-49.7252135012802,-30.942,-2.92));
#5608=CARTESIAN_POINT('',(-54.7252135012802,-30.942,-2.92));
#5609=CARTESIAN_POINT('Origin',(-52.2252135012802,-38.6918925594587,-2.92));
#5610=CARTESIAN_POINT('',(-54.7252135012802,-30.942,-2.92));
#5611=CARTESIAN_POINT('',(-49.7252135012802,-30.942,-2.92));
#5612=CARTESIAN_POINT('Origin',(-52.2252135012802,-38.6918925594587,-2.92));
#5613=CARTESIAN_POINT('',(-49.7252135012802,-30.942,-2.92));
#5614=CARTESIAN_POINT('',(-54.7252135012802,-30.942,-2.92));
#5615=CARTESIAN_POINT('Origin',(-52.2252135012802,-38.6918925594587,-2.92));
#5616=CARTESIAN_POINT('',(-54.7252135012802,-30.942,-2.92));
#5617=CARTESIAN_POINT('',(-49.7252135012802,-30.942,-2.92));
#5618=CARTESIAN_POINT('Origin',(-52.2252135012802,-38.6918925594587,-2.92));
#5619=CARTESIAN_POINT('',(-49.7252135012802,-30.942,-2.92));
#5620=CARTESIAN_POINT('',(-54.7252135012802,-30.942,-2.92));
#5621=CARTESIAN_POINT('Origin',(-52.2252135012802,-38.6918925594587,-2.92));
#5622=CARTESIAN_POINT('',(-54.7252135012802,-30.942,-2.92));
#5623=CARTESIAN_POINT('',(-49.7252135012802,-30.942,-2.92));
#5624=CARTESIAN_POINT('Origin',(-52.2252135012802,-38.6918925594587,-2.92));
#5625=CARTESIAN_POINT('',(-49.7252135012802,-30.942,-2.92));
#5626=CARTESIAN_POINT('',(-54.7252135012802,-30.942,-2.92));
#5627=CARTESIAN_POINT('Origin',(-52.2252135012802,-38.6918925594587,-2.92));
#5628=CARTESIAN_POINT('',(-54.7252135012802,-30.942,-2.92));
#5629=CARTESIAN_POINT('',(-49.7252135012802,-30.942,-2.92));
#5630=CARTESIAN_POINT('Origin',(-54.7252135012802,-30.942,-3.12));
#5631=CARTESIAN_POINT('',(-54.7252135012802,-30.942,-3.12));
#5632=CARTESIAN_POINT('',(-54.7252135012802,-30.942,-3.12));
#5633=CARTESIAN_POINT('',(-54.7252135012802,-46.4417851189174,-3.12));
#5634=CARTESIAN_POINT('',(-54.7252135012802,-30.942,-3.12));
#5635=CARTESIAN_POINT('',(-54.7252135012802,-46.4417851189174,-3.12));
#5636=CARTESIAN_POINT('Origin',(-49.7252135012802,-46.4417851189174,-3.12));
#5637=CARTESIAN_POINT('',(-49.7252135012802,-46.4417851189174,-3.12));
#5638=CARTESIAN_POINT('',(-49.7252135012802,-46.4417851189174,-3.12));
#5639=CARTESIAN_POINT('',(-49.7252135012802,-30.942,-3.12));
#5640=CARTESIAN_POINT('',(-49.7252135012802,-30.942,-3.12));
#5641=CARTESIAN_POINT('',(-49.7252135012802,-30.942,-3.12));
#5642=CARTESIAN_POINT('Origin',(-54.7252135012802,-46.4417851189174,-3.12));
#5643=CARTESIAN_POINT('',(-49.7252135012802,-46.4417851189174,-3.12));
#5644=CARTESIAN_POINT('Origin',(-49.7252135012802,-30.942,-3.12));
#5645=CARTESIAN_POINT('',(-49.7252135012802,-30.942,-3.12));
#5646=CARTESIAN_POINT('Origin',(-52.2252135012802,-38.6918925594587,-3.12));
#5647=UNCERTAINTY_MEASURE_WITH_UNIT(LENGTH_MEASURE(0.01),#5651,
'DISTANCE_ACCURACY_VALUE',
'Maximum model space distance between geometric entities at asserted c
onnectivities');
#5648=UNCERTAINTY_MEASURE_WITH_UNIT(LENGTH_MEASURE(0.01),#5651,
'DISTANCE_ACCURACY_VALUE',
'Maximum model space distance between geometric entities at asserted c
onnectivities');
#5649=(
GEOMETRIC_REPRESENTATION_CONTEXT(3)
GLOBAL_UNCERTAINTY_ASSIGNED_CONTEXT((#5647))
GLOBAL_UNIT_ASSIGNED_CONTEXT((#5651,#5653,#5654))
REPRESENTATION_CONTEXT('','3D')
);
#5650=(
GEOMETRIC_REPRESENTATION_CONTEXT(3)
GLOBAL_UNCERTAINTY_ASSIGNED_CONTEXT((#5648))
GLOBAL_UNIT_ASSIGNED_CONTEXT((#5651,#5653,#5654))
REPRESENTATION_CONTEXT('','3D')
);
#5651=(
LENGTH_UNIT()
NAMED_UNIT(*)
SI_UNIT(.MILLI.,.METRE.)
);
#5652=(
LENGTH_UNIT()
NAMED_UNIT(*)
SI_UNIT($,.METRE.)
);
#5653=(
NAMED_UNIT(*)
PLANE_ANGLE_UNIT()
SI_UNIT($,.RADIAN.)
);
#5654=(
NAMED_UNIT(*)
SI_UNIT($,.STERADIAN.)
SOLID_ANGLE_UNIT()
);
#5655=SHAPE_DEFINITION_REPRESENTATION(#5656,#5657);
#5656=PRODUCT_DEFINITION_SHAPE('',$,#5659);
#5657=SHAPE_REPRESENTATION('',(#3547),#5649);
#5658=PRODUCT_DEFINITION_CONTEXT('part definition',#5663,'design');
#5659=PRODUCT_DEFINITION('\X2\9C7C9E70\X0\4.3','\X2\9C7C9E70\X0\4.3 v7',
#5660,#5658);
#5660=PRODUCT_DEFINITION_FORMATION('',$,#5665);
#5661=PRODUCT_RELATED_PRODUCT_CATEGORY('\X2\9C7C9E70\X0\4.3 v7',
'\X2\9C7C9E70\X0\4.3 v7',(#5665));
#5662=APPLICATION_PROTOCOL_DEFINITION('international standard',
'automotive_design',2009,#5663);
#5663=APPLICATION_CONTEXT(
'Core Data for Automotive Mechanical Design Process');
#5664=PRODUCT_CONTEXT('part definition',#5663,'mechanical');
#5665=PRODUCT('\X2\9C7C9E70\X0\4.3','\X2\9C7C9E70\X0\4.3 v7',$,(#5664));
#5666=PRESENTATION_STYLE_ASSIGNMENT((#5672));
#5667=PRESENTATION_STYLE_ASSIGNMENT((#5673));
#5668=PRESENTATION_STYLE_ASSIGNMENT((#5674));
#5669=PRESENTATION_STYLE_ASSIGNMENT((#5675));
#5670=PRESENTATION_STYLE_ASSIGNMENT((#5676));
#5671=PRESENTATION_STYLE_ASSIGNMENT((#5677));
#5672=SURFACE_STYLE_USAGE(.BOTH.,#5678);
#5673=SURFACE_STYLE_USAGE(.BOTH.,#5679);
#5674=SURFACE_STYLE_USAGE(.BOTH.,#5680);
#5675=SURFACE_STYLE_USAGE(.BOTH.,#5681);
#5676=SURFACE_STYLE_USAGE(.BOTH.,#5682);
#5677=SURFACE_STYLE_USAGE(.BOTH.,#5683);
#5678=SURFACE_SIDE_STYLE('',(#5684));
#5679=SURFACE_SIDE_STYLE('',(#5685));
#5680=SURFACE_SIDE_STYLE('',(#5686));
#5681=SURFACE_SIDE_STYLE('',(#5687));
#5682=SURFACE_SIDE_STYLE('',(#5688));
#5683=SURFACE_SIDE_STYLE('',(#5689));
#5684=SURFACE_STYLE_FILL_AREA(#5690);
#5685=SURFACE_STYLE_FILL_AREA(#5691);
#5686=SURFACE_STYLE_FILL_AREA(#5692);
#5687=SURFACE_STYLE_FILL_AREA(#5693);
#5688=SURFACE_STYLE_FILL_AREA(#5694);
#5689=SURFACE_STYLE_FILL_AREA(#5695);
#5690=FILL_AREA_STYLE('\X2\94A2\X0\ - \X2\7F0E5149\X0\',(#5696));
#5691=FILL_AREA_STYLE('\X2\73BB7483\X0\ - \X2\6DF18272\X0\',(#5697));
#5692=FILL_AREA_STYLE('\X2\57FA784067508D28\X0\ - \X2\4E0D900F660E\X0\',
(#5698));
#5693=FILL_AREA_STYLE('\X2\94DD\X0\ - \X2\7F0E5149\X0\',(#5699));
#5694=FILL_AREA_STYLE('\X2\57FA784067508D28\X0\ - \X2\4E0D900F660E\X0\',
(#5700));
#5695=FILL_AREA_STYLE('\X2\805A91704E9A80FA\X0\(Kapton)',(#5701));
#5696=FILL_AREA_STYLE_COLOUR('\X2\94A2\X0\ - \X2\7F0E5149\X0\',#5702);
#5697=FILL_AREA_STYLE_COLOUR('\X2\73BB7483\X0\ - \X2\6DF18272\X0\',#5703);
#5698=FILL_AREA_STYLE_COLOUR('\X2\57FA784067508D28\X0\ - \X2\4E0D900F660E\X0\',
#5704);
#5699=FILL_AREA_STYLE_COLOUR('\X2\94DD\X0\ - \X2\7F0E5149\X0\',#5705);
#5700=FILL_AREA_STYLE_COLOUR('\X2\57FA784067508D28\X0\ - \X2\4E0D900F660E\X0\',
#5706);
#5701=FILL_AREA_STYLE_COLOUR('\X2\805A91704E9A80FA\X0\(Kapton)',#5707);
#5702=COLOUR_RGB('\X2\94A2\X0\ - \X2\7F0E5149\X0\',0.627450980392157,0.627450980392157,
0.627450980392157);
#5703=COLOUR_RGB('\X2\73BB7483\X0\ - \X2\6DF18272\X0\',0.0980392156862745,
0.0980392156862745,0.0980392156862745);
#5704=COLOUR_RGB('\X2\57FA784067508D28\X0\ - \X2\4E0D900F660E\X0\',0.196078431372549,
0.196078431372549,0.196078431372549);
#5705=COLOUR_RGB('\X2\94DD\X0\ - \X2\7F0E5149\X0\',0.96078431372549,0.96078431372549,
0.964705882352941);
#5706=COLOUR_RGB('\X2\57FA784067508D28\X0\ - \X2\4E0D900F660E\X0\',0.117647058823529,
0.117647058823529,0.117647058823529);
#5707=COLOUR_RGB('\X2\805A91704E9A80FA\X0\(Kapton)',0.784313725490196,0.556862745098039,
0.0274509803921569);
ENDSEC;
END-ISO-10303-21;
